Data;^BVSP;ALPA4
2020-01-26;118,376.36;34.73
2020-01-24;118376.000000;34.730000
2020-01-23;119528.000000;34.669998
2020-01-22;118391.000000;34.599998
2020-01-21;117026.000000;35.049999
2020-01-20;118862.000000;34.500000
2020-01-17;118478.000000;34.400002
2020-01-16;116704.000000;34.520000
2020-01-15;116414.000000;34.480000
2020-01-14;117632.000000;34.259998
2020-01-13;117325.000000;33.889999
2020-01-10;115503.000000;33.709999
2020-01-09;115947.000000;33.959999
2020-01-08;116247.000000;33.160000
2020-01-07;116662.000000;32.799999
2020-01-06;116878.000000;32.070000
2020-01-03;117707.000000;32.580002
2020-01-02;118573.000000;32.860001
2019-12-30;115964.000000;33.200001
2019-12-27;116534.000000;32.830002
2019-12-26;117203.000000;32.860001
2019-12-23;115863.000000;32.700001
2019-12-20;115121.000000;32.349998
2019-12-19;115131.000000;32.720001
2019-12-18;114315.000000;32.299999
2019-12-17;112616.000000;32.099998
2019-12-16;111896.000000;32.990002
2019-12-13;112565.000000;33.200001
2019-12-12;112200.000000;32.299999
2019-12-11;110964.000000;33.080002
2019-12-10;110672.000000;32.000000
2019-12-09;110977.000000;31.730000
2019-12-06;111126.000000;32.049999
2019-12-05;110622.000000;31.299999
2019-12-04;110301.000000;31.150000
2019-12-03;109005.000000;31.150000
2019-12-02;109061.000000;31.160000
2019-11-29;108042.000000;31.780001
2019-11-28;108290.000000;31.299999
2019-11-27;107708.000000;31.000000
2019-11-26;107059.000000;30.549999
2019-11-25;108424.000000;30.799999
2019-11-22;108692.000000;30.830000
2019-11-21;107497.000000;29.650000
2019-11-19;105618.000000;29.110001
2019-11-18;106347.000000;28.900000
2019-11-14;106557.000000;29.309999
2019-11-13;105914.000000;28.400000
2019-11-12;106785.000000;28.360001
2019-11-11;108215.000000;29.000000
2019-11-08;107629.000000;27.780001
2019-11-07;109581.000000;27.330000
2019-11-06;108336.000000;27.350000
2019-11-05;108451.000000;27.200001
2019-11-04;108601.000000;27.280001
2019-11-01;108196.000000;27.799999
2019-10-31;107220.000000;27.240000
2019-10-30;108408.000000;27.629999
2019-10-29;107556.000000;27.059999
2019-10-28;108187.000000;27.070000
2019-10-25;107364.000000;26.790001
2019-10-24;106986.000000;26.549999
2019-10-23;107544.000000;26.950001
2019-10-22;107381.000000;27.000000
2019-10-21;106022.000000;27.150000
2019-10-18;104729.000000;27.629999
2019-10-17;105016.000000;27.330000
2019-10-16;105423.000000;26.790001
2019-10-15;104490.000000;26.549999
2019-10-14;104302.000000;26.129999
2019-10-11;103832.000000;25.750000
2019-10-10;101817.000000;24.980000
2019-10-09;101249.000000;24.879999
2019-10-08;99981.000000;24.639999
2019-10-07;100573.000000;24.969999
2019-10-04;102551.000000;25.840000
2019-10-03;101516.000000;25.350000
2019-10-02;101031.000000;25.340000
2019-10-01;104053.000000;25.680000
2019-09-30;104745.000000;25.900000
2019-09-27;105078.000000;25.799999
2019-09-26;105319.000000;25.620001
2019-09-25;104481.000000;24.750000
2019-09-24;103876.000000;24.719999
2019-09-23;104638.000000;23.950001
2019-09-20;104817.000000;24.490000
2019-09-19;104339.000000;24.309999
2019-09-18;104532.000000;24.290001
2019-09-17;104617.000000;23.770000
2019-09-16;103680.000000;23.330000
2019-09-13;103501.000000;22.840000
2019-09-12;104371.000000;22.820000
2019-09-11;103446.000000;23.440001
2019-09-10;103032.000000;22.580000
2019-09-09;103181.000000;22.549999
2019-09-06;102935.000000;23.000000
2019-09-05;102243.000000;23.600000
2019-09-04;101201.000000;23.750000
2019-09-03;99681.000000;23.860001
2019-09-02;100626.000000;24.600000
2019-08-30;101135.000000;24.780001
2019-08-29;100524.000000;24.900000
2019-08-28;98194.000000;24.500000
2019-08-27;97276.000000;24.129999
2019-08-26;96430.000000;23.200001
2019-08-23;97667.000000;23.580000
2019-08-22;100011.000000;24.240000
2019-08-21;101202.000000;24.170000
2019-08-20;99222.000000;23.500000
2019-08-19;99469.000000;23.950001
2019-08-16;99806.000000;24.020000
2019-08-15;99057.000000;23.799999
2019-08-14;100258.000000;23.990000
2019-08-13;103299.000000;24.190001
2019-08-12;101915.000000;23.799999
2019-08-09;103996.000000;23.200001
2019-08-08;104115.000000;22.170000
2019-08-07;102782.000000;21.400000
2019-08-06;102164.000000;21.180000
2019-08-05;100098.000000;20.799999
2019-08-02;102674.000000;21.049999
2019-08-01;102126.000000;21.100000
2019-07-31;101812.000000;20.750000
2019-07-30;102933.000000;21.049999
2019-07-29;103483.000000;20.600000
2019-07-26;102819.000000;20.670000
2019-07-25;102655.000000;20.620001
2019-07-24;104120.000000;21.000000
2019-07-23;103704.000000;21.219999
2019-07-22;103949.000000;21.120001
2019-07-19;103452.000000;21.690001
2019-07-18;104717.000000;21.850000
2019-07-17;103856.000000;21.820000
2019-07-16;103775.000000;21.299999
2019-07-15;103803.000000;21.330000
2019-07-12;103906.000000;21.719999
2019-07-11;105146.000000;21.900000
2019-07-10;105817.000000;22.200001
2019-07-08;104530.000000;21.000000
2019-07-05;104089.000000;21.450001
2019-07-04;103636.000000;21.290001
2019-07-03;102043.000000;21.100000
2019-07-02;100605.000000;21.100000
2019-07-01;101340.000000;20.620001
2019-06-28;100967.000000;20.410000
2019-06-27;100724.000000;20.540001
2019-06-26;100689.000000;20.290001
2019-06-25;100093.000000;20.290001
2019-06-24;102062.000000;20.370001
2019-06-21;102013.000000;20.780001
2019-06-19;100303.000000;20.320000
2019-06-18;99404.000000;20.350000
2019-06-17;97623.000000;19.700001
2019-06-14;98040.000000;18.870001
2019-06-13;98774.000000;18.480000
2019-06-12;98321.000000;18.400000
2019-06-11;98960.000000;18.430000
2019-06-10;97467.000000;18.299999
2019-06-07;97821.000000;18.150000
2019-06-06;97205.000000;17.730000
2019-06-05;95999.000000;17.299999
2019-06-04;97380.000000;17.650000
2019-06-03;97020.000000;17.950001
2019-05-31;97030.000000;18.360001
2019-05-30;97457.000000;18.480000
2019-05-29;96567.000000;18.250000
2019-05-28;96393.000000;18.170000
2019-05-27;94864.000000;17.959999
2019-05-24;93628.000000;17.860001
2019-05-23;93910.000000;18.120001
2019-05-22;94361.000000;17.750000
2019-05-21;94485.000000;18.000000
2019-05-20;91946.000000;17.610001
2019-05-17;89993.000000;17.299999
2019-05-16;90024.000000;17.260000
2019-05-15;91623.000000;17.000000
2019-05-14;92092.000000;16.850000
2019-05-13;91727.000000;16.480000
2019-05-10;94258.000000;16.580000
2019-05-09;94808.000000;16.100000
2019-05-08;95597.000000;16.120001
2019-05-07;94389.000000;15.800000
2019-05-06;95009.000000;15.670000
2019-05-03;96008.000000;15.750000
2019-05-02;95528.000000;15.650000
2019-04-30;96353.000000;15.650000
2019-04-29;96188.000000;15.500000
2019-04-26;96236.000000;15.630000
2019-04-25;96552.000000;15.850000
2019-04-24;95045.000000;15.240000
2019-04-23;95923.000000;15.200000
2019-04-22;94588.000000;15.200000
2019-04-18;94578.000000;15.350000
2019-04-17;93285.000000;15.150000
2019-04-16;94333.000000;15.250000
2019-04-15;93083.000000;15.350000
2019-04-12;92875.000000;15.200000
2019-04-11;94755.000000;15.250000
2019-04-10;95953.000000;15.110000
2019-04-09;96292.000000;15.030000
2019-04-08;97369.000000;15.360000
2019-04-05;97108.000000;15.980000
2019-04-04;96313.000000;15.290000
2019-04-03;94491.000000;15.070000
2019-04-02;95387.000000;15.240000
2019-04-01;96054.000000;15.390000
2019-03-29;95415.000000;15.380000
2019-03-28;94389.000000;15.060000
2019-03-27;91903.000000;14.960000
2019-03-26;95307.000000;15.350000
2019-03-25;93662.000000;15.260000
2019-03-22;93735.000000;15.170000
2019-03-21;96729.000000;15.420000
2019-03-20;98041.000000;15.440000
2019-03-19;99588.000000;15.680000
2019-03-18;99994.000000;15.840000
2019-03-15;99137.000000;16.176001
2019-03-14;98605.000000;15.920000
2019-03-13;98904.000000;16.000000
2019-03-12;97828.000000;16.256001
2019-03-11;98027.000000;16.464001
2019-03-08;95365.000000;16.304001
2019-03-07;94340.000000;15.536000
2019-03-06;FALSO;FALSO
2019-03-01;94604.000000;15.952000
2019-02-28;95584.000000;15.344000
2019-02-27;97307.000000;15.416000
2019-02-26;97603.000000;15.320000
2019-02-25;97240.000000;15.456000
2019-02-22;97886.000000;15.256000
2019-02-21;96932.000000;15.696000
2019-02-20;96545.000000;15.600000
2019-02-19;97659.000000;16.000000
2019-02-18;96510.000000;15.688000
2019-02-15;97526.000000;15.440000
2019-02-14;98015.000000;15.800000
2019-02-13;95842.000000;15.824000
2019-02-12;96168.000000;15.888000
2019-02-11;94413.000000;15.648000
2019-02-08;95343.000000;15.856000
2019-02-07;94406.000000;15.800000
2019-02-06;94636.000000;15.960000
2019-02-05;98311.000000;16.464001
2019-02-04;98589.000000;16.271999
2019-02-01;97861.000000;16.112000
2019-01-31;97394.000000;16.048000
2019-01-30;96996.000000;16.120001
2019-01-29;95639.000000;15.992000
2019-01-28;95444.000000;16.056000
2019-01-24;97677.000000;16.160000
2019-01-23;96558.000000;15.920000
2019-01-22;95103.000000;15.672000
2019-01-21;96010.000000;15.120000
2019-01-18;96097.000000;15.040000
2019-01-17;95351.000000;15.080000
2019-01-16;94393.000000;15.120000
2019-01-15;94056.000000;15.160000
2019-01-14;94474.000000;15.200000
2019-01-11;93658.000000;15.192000
2019-01-10;93806.000000;15.200000
2019-01-09;93613.000000;15.152000
2019-01-08;92032.000000;14.160000
2019-01-07;91699.000000;13.888000
2019-01-04;91841.000000;13.920000
2019-01-03;91564.000000;14.024000
2019-01-02;91012.000000;14.000000
2018-12-28;87887.000000;13.616000
2018-12-27;85460.000000;13.496000
2018-12-26;85136.000000;13.064000
2018-12-21;85697.000000;13.360000
2018-12-20;85269.000000;13.200000
2018-12-19;85674.000000;12.896000
2018-12-18;86610.000000;12.776000
2018-12-17;86400.000000;12.680000
2018-12-14;87450.000000;12.808000
2018-12-13;87838.000000;12.760000
2018-12-12;86977.000000;12.760000
2018-12-11;86420.000000;12.520000
2018-12-10;85915.000000;12.352000
2018-12-07;88115.000000;12.408000
2018-12-06;88846.000000;12.920000
2018-12-05;89040.000000;12.776000
2018-12-04;88624.000000;12.720000
2018-12-03;89820.000000;12.952000
2018-11-30;89504.000000;13.040000
2018-11-29;89710.000000;12.664000
2018-11-28;89251.000000;12.880000
2018-11-27;87891.000000;12.224000
2018-11-26;85547.000000;11.912000
2018-11-23;86230.000000;12.048000
2018-11-22;87477.000000;12.288000
2018-11-21;87269.000000;12.272000
2018-11-19;87901.000000;12.392000
2018-11-16;88515.000000;12.568000
2018-11-14;85973.000000;12.168000
2018-11-13;84914.000000;12.192000
2018-11-12;85525.000000;12.072000
2018-11-09;85641.000000;12.384000
2018-11-08;85620.000000;12.400000
2018-11-07;87714.000000;12.624000
2018-11-06;88669.000000;12.536000
2018-11-05;89598.000000;12.328000
2018-11-01;88419.000000;12.520000
2018-10-31;87424.000000;12.152000
2018-10-30;86886.000000;12.152000
2018-10-29;83797.000000;11.600000
2018-10-26;85720.000000;12.320000
2018-10-25;84084.000000;12.000000
2018-10-24;83064.000000;12.000000
2018-10-23;85300.000000;11.632000
2018-10-22;85597.000000;11.608000
2018-10-19;84220.000000;12.400000
2018-10-18;83847.000000;10.800000
2018-10-17;85764.000000;10.736000
2018-10-16;85718.000000;10.752000
2018-10-15;83360.000000;10.616000
2018-10-11;82921.000000;10.936000
2018-10-10;83679.000000;10.880000
2018-10-09;86088.000000;10.960000
2018-10-08;86084.000000;10.800000
2018-10-05;82322.000000;10.400000
2018-10-04;82953.000000;10.120000
2018-10-03;83273.000000;10.568000
2018-10-02;81612.000000;10.000000
2018-10-01;78624.000000;9.632000
2018-09-28;79342.000000;9.800000
2018-09-27;80000.000000;9.976000
2018-09-26;78656.000000;9.584000
2018-09-25;78630.000000;9.680000
2018-09-24;77984.000000;9.680000
2018-09-21;79444.000000;9.760000
2018-09-20;78116.000000;9.208000
2018-09-19;78169.000000;9.504000
2018-09-18;78314.000000;9.200000
2018-09-17;76789.000000;8.968000
2018-09-14;75429.000000;9.048000
2018-09-13;74687.000000;8.736000
2018-09-12;75125.000000;9.128000
2018-09-11;74657.000000;9.248000
2018-09-10;76436.000000;9.536000
2018-09-06;76416.000000;9.528000
2018-09-05;75092.000000;9.328000
2018-09-04;74712.000000;9.328000
2018-09-03;76193.000000;9.840000
2018-08-31;76678.000000;9.680000
2018-08-30;76404.000000;9.600000
2018-08-29;78389.000000;10.008000
2018-08-28;77473.000000;10.152000
2018-08-27;77930.000000;10.040000
2018-08-24;76262.000000;9.776000
2018-08-23;75634.000000;9.840000
2018-08-22;76902.000000;9.824000
2018-08-21;75180.000000;9.568000
2018-08-20;76328.000000;9.832000
2018-08-17;76029.000000;9.554757
2018-08-16;76819.000000;9.800564
2018-08-15;77078.000000;9.824351
2018-08-14;78602.000000;10.070159
2018-08-13;77496.000000;9.649908
2018-08-10;76514.000000;9.618192
2018-08-09;78768.000000;9.871927
2018-08-08;79152.000000;10.252531
2018-08-07;80347.000000;10.308036
2018-08-06;81051.000000;10.355612
2018-08-03;81435.000000;10.276320
2018-08-02;79637.000000;10.189097
2018-08-01;79302.000000;10.268390
2018-07-31;79220.000000;10.109805
2018-07-30;80276.000000;10.308036
2018-07-27;79866.000000;10.284249
2018-07-26;79405.000000;10.426976
2018-07-25;80218.000000;10.419046
2018-07-24;79155.000000;10.284249
2018-07-23;77996.000000;10.109805
2018-07-20;78571.000000;10.204956
2018-07-19;77487.000000;9.998796
2018-07-18;77363.000000;10.133593
2018-07-17;78130.000000;9.998796
2018-07-16;76653.000000;10.006724
2018-07-13;76594.000000;9.832281
2018-07-12;75856.000000;9.990866
2018-07-11;74399.000000;9.927432
2018-07-10;74862.000000;9.911573
2018-07-06;75010.000000;9.887786
2018-07-05;74553.000000;9.808493
2018-07-04;74743.000000;9.713343
2018-07-03;73668.000000;9.586473
2018-07-02;72840.000000;9.602332
2018-06-29;72763.000000;9.594403
2018-06-28;71767.000000;9.665767
2018-06-27;70609.000000;9.190011
2018-06-26;71405.000000;9.443748
2018-06-25;70953.000000;9.316878
2018-06-22;70641.000000;9.515111
2018-06-21;70075.000000;9.197940
2018-06-20;72123.000000;9.760918
2018-06-19;71394.000000;9.752989
2018-06-18;69815.000000;9.396172
2018-06-15;70758.000000;9.578545
2018-06-14;71421.000000;9.610262
2018-06-13;72122.000000;9.713343
2018-06-12;72754.000000;9.697484
2018-06-11;72308.000000;9.634049
2018-06-08;72942.000000;9.927432
2018-06-07;73851.000000;9.626121
2018-06-06;76117.000000;10.300107
2018-06-05;76642.000000;10.466622
2018-06-04;78596.000000;10.704499
2018-06-01;77240.000000;10.434904
2018-05-30;76754.000000;10.450763
2018-05-29;76072.000000;10.585561
2018-05-28;75356.000000;10.308036
2018-05-25;78898.000000;10.601419
2018-05-24;80122.000000;10.545915
2018-05-23;80867.000000;10.379400
2018-05-22;82739.000000;11.093034
2018-05-21;81815.000000;10.926518
2018-05-18;83082.000000;10.712399
2018-05-17;83622.000000;10.854077
2018-05-16;86537.000000;11.129562
2018-05-15;85130.000000;10.901303
2018-05-14;85232.000000;11.365691
2018-05-11;85220.000000;11.641175
2018-05-10;85861.000000;11.231885
2018-05-09;84265.000000;11.727757
2018-05-08;82956.000000;11.672659
2018-05-07;82714.000000;11.570337
2018-05-04;83118.000000;11.727757
2018-05-03;83288.000000;11.806466
2018-05-02;84547.000000;12.239369
2018-04-30;86115.000000;12.286595
2018-04-27;86445.000000;12.333821
2018-04-26;86383.000000;12.365305
2018-04-25;85044.000000;12.459756
2018-04-24;85469.000000;12.396790
2018-04-23;85602.000000;12.365305
2018-04-20;85550.000000;12.593563
2018-04-19;85824.000000;12.247240
2018-04-18;85776.000000;12.081949
2018-04-17;84086.000000;11.924530
2018-04-16;82862.000000;12.129176
2018-04-13;84334.000000;12.625048
2018-04-12;85444.000000;12.750983
2018-04-11;85246.000000;12.711628
2018-04-10;84510.000000;12.601435
2018-04-09;83307.000000;12.656531
2018-04-06;84820.000000;12.703757
2018-04-05;85210.000000;12.994984
2018-04-04;84360.000000;12.994984
2018-04-03;84623.000000;13.050080
2018-04-02;84666.000000;13.349177
2018-03-29;85366.000000;13.616791
2018-03-28;83874.000000;12.987112
2018-03-27;83808.000000;12.750983
2018-03-26;85088.000000;13.136662
2018-03-23;84377.000000;13.231112
2018-03-22;84768.000000;13.057951
2018-03-21;84977.000000;13.538080
2018-03-20;84164.000000;13.538080
2018-03-19;83913.000000;13.774210
2018-03-16;84886.000000;13.758469
2018-03-15;84928.000000;13.766338
2018-03-14;86051.000000;14.049693
2018-03-13;86384.000000;13.994597
2018-03-12;86900.000000;13.955242
2018-03-09;86371.000000;13.404273
2018-03-08;84985.000000;13.514467
2018-03-07;85484.000000;13.325564
2018-03-06;85653.000000;13.553823
2018-03-05;86023.000000;13.538080
2018-03-02;85761.000000;13.375279
2018-03-01;85378.000000;13.375279
2018-02-28;85481.000000;13.398746
2018-02-27;86935.000000;13.430032
2018-02-26;87653.000000;13.062406
2018-02-23;87293.000000;13.218843
2018-02-22;86686.000000;13.101516
2018-02-21;86052.000000;12.689987
2018-02-20;85804.000000;12.613078
2018-02-19;84793.000000;12.290060
2018-02-16;84525.000000;12.313131
2018-02-15;84291.000000;12.190078
2018-02-14;FALSO;FALSO
2018-02-09;80899.000000;12.220841
2018-02-08;81533.000000;11.928587
2018-02-07;82767.000000;11.890132
2018-02-06;83894.000000;11.974733
2018-02-05;81861.000000;12.074716
2018-02-02;84041.000000;12.151624
2018-02-01;85495.000000;12.420805
2018-01-31;84913.000000;12.290060
2018-01-30;84482.000000;12.420805
2018-01-29;84698.000000;12.528477
2018-01-26;85531.000000;12.682296
2018-01-25;83680.000000;12.374660
2018-01-24;83680.000000;12.374660
2018-01-23;80678.000000;12.397731
2018-01-22;81675.000000;12.574622
2018-01-19;81220.000000;12.866878
2018-01-18;80963.000000;13.374476
2018-01-17;81189.000000;13.389858
2018-01-16;79832.000000;13.259112
2018-01-15;79752.000000;13.228350
2018-01-12;79349.000000;13.159131
2018-01-11;79365.000000;12.866878
2018-01-10;78201.000000;12.882258
2018-01-09;78864.000000;13.243731
2018-01-08;79379.000000;13.151441
2018-01-05;79071.000000;13.420622
2018-01-04;78647.000000;13.189896
2018-01-03;77995.000000;13.205276
2018-01-02;77891.000000;13.535986
2017-12-29;76402.000000;13.420622
2017-12-28;76402.000000;13.420622
2017-12-27;76073.000000;13.274494
2017-12-26;75688.000000;13.143749
2017-12-25;FALSO;13.036077
2017-12-22;75187.000000;13.036077
2017-12-21;75133.000000;13.043768
2017-12-20;73367.000000;12.736132
2017-12-19;72680.000000;12.905331
2017-12-18;73115.000000;12.843802
2017-12-15;72608.000000;12.528477
2017-12-14;72429.000000;12.689987
2017-12-13;72914.000000;12.759204
2017-12-12;73814.000000;12.613078
2017-12-11;72800.000000;12.505405
2017-12-08;72732.000000;12.766895
2017-12-07;72487.000000;12.759204
2017-12-06;73268.000000;12.859187
2017-12-05;72546.000000;12.743823
2017-12-04;73090.000000;12.859187
2017-12-01;72264.000000;12.882258
2017-11-30;71971.000000;12.766895
2017-11-29;72700.000000;13.228350
2017-11-28;74140.000000;13.189896
2017-11-27;74059.000000;13.074532
2017-11-24;74157.000000;13.228350
2017-11-23;74487.000000;13.535986
2017-11-22;74519.000000;13.382167
2017-11-21;74595.000000;13.420622
2017-11-20;FALSO;12.945128
2017-11-17;73437.000000;12.945128
2017-11-16;72512.000000;12.761724
2017-11-15;70827.000000;12.456056
2017-11-14;70827.000000;12.456056
2017-11-13;72475.000000;12.563041
2017-11-10;72166.000000;12.509547
2017-11-09;72931.000000;12.761724
2017-11-08;74363.000000;13.090322
2017-11-07;72415.000000;12.990978
2017-11-06;74311.000000;13.227873
2017-11-03;73915.000000;12.990978
2017-11-02;FALSO;13.495335
2017-11-01;73824.000000;13.495335
2017-10-31;74308.000000;13.220231
2017-10-30;74800.000000;13.762796
2017-10-27;75976.000000;13.892705
2017-10-26;75896.000000;13.739870
2017-10-25;76671.000000;13.862138
2017-10-24;76350.000000;14.106673
2017-10-23;75413.000000;13.709304
2017-10-20;76391.000000;13.678736
2017-10-19;76283.000000;13.778078
2017-10-18;76591.000000;13.671096
2017-10-17;76201.000000;12.990978
2017-10-16;76892.000000;13.373068
2017-10-13;76990.000000;13.525901
2017-10-12;FALSO;13.449484
2017-10-11;76660.000000;13.449484
2017-10-10;76897.000000;13.235515
2017-10-09;75727.000000;12.761724
2017-10-06;76055.000000;12.494264
2017-10-05;76618.000000;12.456056
2017-10-04;76591.000000;12.341430
2017-10-03;76763.000000;12.226804
2017-10-02;74360.000000;12.127461
2017-09-29;74294.000000;11.997552
2017-09-28;73567.000000;11.982266
2017-09-27;73797.000000;11.882924
2017-09-26;74319.000000;11.844715
2017-09-25;74443.000000;11.844715
2017-09-22;75390.000000;11.982266
2017-09-21;75604.000000;11.921132
2017-09-20;76004.000000;12.150385
2017-09-19;75974.000000;11.959343
2017-09-18;75990.000000;11.852357
2017-09-15;75757.000000;11.707163
2017-09-14;74657.000000;11.462628
2017-09-13;74788.000000;11.600181
2017-09-12;74539.000000;11.607821
2017-09-11;74319.000000;11.424419
2017-09-08;73079.000000;11.027047
2017-09-07;FALSO;10.904780
2017-09-06;73412.000000;10.904780
2017-09-05;72151.000000;10.698452
2017-09-04;72129.000000;10.660244
2017-09-01;71923.000000;10.583825
2017-08-31;70835.000000;10.545618
2017-08-30;70886.000000;10.660244
2017-08-29;71330.000000;10.721377
2017-08-28;71017.000000;11.156960
2017-08-25;71074.000000;10.507410
2017-08-24;71133.000000;10.522693
2017-08-23;70478.000000;10.354574
2017-08-22;70011.000000;10.652603
2017-08-21;68635.000000;10.759586
2017-08-18;68715.000000;10.843646
2017-08-17;67977.000000;10.927705
2017-08-16;68594.000000;10.889497
2017-08-15;68355.000000;10.851288
2017-08-14;68285.000000;10.904780
2017-08-11;67359.000000;10.922914
2017-08-10;66992.000000;10.809132
2017-08-09;67671.000000;10.922914
2017-08-08;67899.000000;10.998767
2017-08-07;67940.000000;11.074621
2017-08-04;66898.000000;11.203571
2017-08-03;66777.000000;11.074621
2017-08-02;67136.000000;11.529741
2017-08-01;66516.000000;11.378035
2017-07-31;65920.000000;11.294596
2017-07-28;65497.000000;11.370448
2017-07-27;65277.000000;10.960840
2017-07-26;65011.000000;10.809132
2017-07-25;65668.000000;11.158059
2017-07-24;65100.000000;11.226327
2017-07-21;64684.000000;11.074621
2017-07-20;64938.000000;10.998767
2017-07-19;65180.000000;10.854646
2017-07-18;65338.000000;11.150475
2017-07-17;65212.000000;11.620765
2017-07-14;65436.000000;11.726961
2017-07-13;65178.000000;11.302181
2017-07-12;64836.000000;10.771206
2017-07-11;63832.000000;10.619498
2017-07-10;63025.000000;10.475377
2017-07-07;62322.000000;10.589156
2017-07-06;62470.000000;10.429866
2017-07-05;63154.000000;10.429866
2017-07-04;63232.000000;10.551232
2017-07-03;63280.000000;10.543645
2017-06-30;62900.000000;10.399523
2017-06-29;62239.000000;9.967158
2017-06-28;62018.000000;9.868548
2017-06-27;61675.000000;10.012671
2017-06-26;62188.000000;9.974744
2017-06-23;61087.000000;9.603062
2017-06-22;61272.000000;9.633403
2017-06-21;60762.000000;9.557549
2017-06-20;60766.000000;9.481695
2017-06-19;62014.000000;9.329988
2017-06-16;61626.000000;9.595475
2017-06-15;FALSO;9.474108
2017-06-14;61923.000000;9.474108
2017-06-13;61829.000000;9.398256
2017-06-12;61700.000000;9.322402
2017-06-09;62211.000000;9.398256
2017-06-08;62756.000000;9.405843
2017-06-07;63171.000000;9.466525
2017-06-06;62955.000000;9.360329
2017-06-05;62450.000000;9.246549
2017-06-02;62511.000000;9.140353
2017-06-01;62289.000000;8.988647
2017-05-31;62711.000000;9.026574
2017-05-30;63962.000000;9.102427
2017-05-29;63761.000000;9.064501
2017-05-26;64085.000000;9.064501
2017-05-25;63227.000000;9.170696
2017-05-24;63257.000000;8.814183
2017-05-23;62662.000000;8.381819
2017-05-22;61673.000000;8.070819
2017-05-19;62639.000000;8.518355
2017-05-18;61597.000000;8.268039
2017-05-17;67540.000000;9.292062
2017-05-16;68684.000000;9.208623
2017-05-15;68474.000000;9.299647
2017-05-12;68222.000000;9.593083
2017-05-11;67538.000000;9.630704
2017-05-10;67350.000000;9.788708
2017-05-09;66278.000000;9.487747
2017-05-08;65526.000000;9.404983
2017-05-05;65710.000000;9.420031
2017-05-04;64863.000000;9.630704
2017-05-03;66094.000000;9.931664
2017-05-02;66722.000000;9.758612
2017-04-28;65403.000000;10.006904
2017-04-27;64677.000000;9.660800
2017-04-26;64862.000000;9.517843
2017-04-25;65148.000000;9.427556
2017-04-24;64389.000000;8.923448
2017-04-20;63761.000000;8.915925
2017-04-19;63407.000000;9.028785
2017-04-18;64159.000000;8.893353
2017-04-17;64335.000000;9.028785
2017-04-13;62826.000000;8.803065
2017-04-12;63892.000000;8.930973
2017-04-11;64360.000000;8.923448
2017-04-10;64650.000000;8.953546
2017-04-07;64593.000000;8.878304
2017-04-06;64223.000000;8.810589
2017-04-05;64775.000000;9.051356
2017-04-04;65769.000000;9.329744
2017-04-03;65211.000000;9.254503
2017-03-31;64984.000000;9.254503
2017-03-30;65266.000000;9.239456
2017-03-29;65528.000000;9.134121
2017-03-28;64640.000000;8.991164
2017-03-27;64308.000000;8.915925
2017-03-24;63854.000000;9.126596
2017-03-23;63531.000000;9.284598
2017-03-22;63521.000000;9.307172
2017-03-21;62980.000000;9.397458
2017-03-20;64884.000000;9.359840
2017-03-17;64210.000000;9.158006
2017-03-16;65783.000000;9.098344
2017-03-15;66235.000000;9.180377
2017-03-14;64699.000000;9.105802
2017-03-13;65534.000000;9.098344
2017-03-10;64675.000000;8.941734
2017-03-09;64585.000000;8.800037
2017-03-08;64718.000000;8.874615
2017-03-07;65742.000000;8.979022
2017-03-06;66341.000000;9.061056
2017-03-03;66786.000000;8.882071
2017-03-02;65855.000000;8.755293
2017-03-01;66989.000000;8.949191
2017-02-24;66662.000000;8.814954
2017-02-23;67461.000000;9.172920
2017-02-22;68590.000000;9.075971
2017-02-21;69052.000000;9.172920
2017-02-20;68533.000000;9.023767
2017-02-17;67748.000000;8.919360
2017-02-16;67814.000000;8.859698
2017-02-15;67976.000000;8.643427
2017-02-14;66713.000000;8.203425
2017-02-13;66968.000000;8.128850
2017-02-10;66125.000000;7.741050
2017-02-09;64965.000000;7.718677
2017-02-08;64835.000000;7.793253
2017-02-07;64199.000000;7.651558
2017-02-06;63993.000000;7.584440
2017-02-03;64954.000000;7.688847
2017-02-02;64578.000000;7.532235
2017-02-01;64836.000000;7.629186
2017-01-31;64671.000000;7.748508
2017-01-30;64302.000000;7.755966
2017-01-27;66034.000000;7.785796
2017-01-26;66191.000000;7.942407
2017-01-24;65840.000000;7.517320
2017-01-23;65749.000000;7.345794
2017-01-20;64521.000000;7.412914
2017-01-19;63951.000000;7.353252
2017-01-18;64150.000000;7.457659
2017-01-17;64354.000000;7.517320
2017-01-16;63831.000000;7.599355
2017-01-13;63652.000000;7.517320
2017-01-12;63954.000000;7.606812
2017-01-11;62446.000000;7.569524
2017-01-10;62132.000000;7.591897
2017-01-09;61700.000000;7.517320
2017-01-06;61665.000000;7.480032
2017-01-05;62071.000000;7.450202
2017-01-04;61589.000000;7.524778
2017-01-03;61814.000000;7.383082
2017-01-02;59589.000000;7.338337
2016-12-29;60227.000000;7.465117
2016-12-28;59782.000000;7.726135
2016-12-27;58697.000000;7.450202
2016-12-26;58620.000000;7.457659
2016-12-23;57937.000000;7.532235
2016-12-22;57255.000000;7.606812
2016-12-21;57647.000000;7.584440
2016-12-20;57583.000000;7.487489
2016-12-19;57111.000000;7.755966
2016-12-16;58389.000000;7.763422
2016-12-15;58396.000000;7.688847
2016-12-14;58212.000000;7.942407
2016-12-13;59281.000000;7.718677
2016-12-12;59179.000000;7.569524
2016-12-09;60501.000000;7.785796
2016-12-08;60677.000000;7.681387
2016-12-07;61414.000000;7.569524
2016-12-06;61088.000000;7.584440
2016-12-05;59832.000000;7.457659
2016-12-02;60316.000000;7.457659
2016-12-01;59507.000000;7.502405
2016-11-30;61906.000000;7.644101
2016-11-29;60987.000000;7.457659
2016-11-28;62855.000000;7.465117
2016-11-25;61559.000000;7.494947
2016-11-24;61396.000000;7.047488
2016-11-23;61986.000000;6.987827
2016-11-22;61954.000000;7.010200
2016-11-21;61070.000000;7.032573
2016-11-18;59962.000000;7.017657
2016-11-17;59770.000000;7.122064
2016-11-16;60759.000000;7.166811
2016-11-14;59657.000000;7.084776
2016-11-11;59184.000000;7.051116
2016-11-10;61201.000000;6.948608
2016-11-09;63258.000000;7.124335
2016-11-08;64158.000000;7.234166
2016-11-07;64052.000000;7.300065
2016-11-04;61598.000000;7.534371
2016-11-03;61750.000000;7.505082
2016-11-01;63326.000000;7.461151
2016-10-31;64925.000000;7.768675
2016-10-28;64308.000000;7.995659
2016-10-27;64250.000000;7.871183
2016-10-26;63826.000000;7.893149
2016-10-25;63866.000000;7.797964
2016-10-24;64060.000000;7.680810
2016-10-21;64108.000000;7.585624
2016-10-20;63838.000000;7.468471
2016-10-19;63506.000000;7.527048
2016-10-18;63782.000000;7.614913
2016-10-17;62696.000000;7.688132
2016-10-14;61767.000000;7.636878
2016-10-13;61119.000000;7.541691
2016-10-11;61022.000000;7.600268
2016-10-10;61668.000000;7.651522
2016-10-07;61109.000000;7.527048
2016-10-06;60644.000000;7.578302
2016-10-05;60254.000000;7.578302
2016-10-04;59339.000000;7.534371
2016-10-03;59461.000000;7.212201
2016-09-30;58367.000000;7.073083
2016-09-29;58351.000000;7.087726
2016-09-28;59356.000000;7.285421
2016-09-27;58382.000000;7.278100
2016-09-26;58054.000000;7.322031
2016-09-23;58697.000000;7.512404
2016-09-22;58994.000000;7.417218
2016-09-21;58394.000000;7.461151
2016-09-20;57736.000000;7.343997
2016-09-19;57350.000000;7.505082
2016-09-16;57080.000000;7.387929
2016-09-15;57909.000000;7.343997
2016-09-14;57059.000000;7.322031
2016-09-13;56821.000000;7.102371
2016-09-12;58586.000000;7.248811
2016-09-09;58000.000000;7.204879
2016-09-08;60232.000000;7.358640
2016-09-06;60129.000000;7.563658
2016-09-05;59566.000000;7.549015
2016-09-02;59616.000000;7.490438
2016-09-01;58236.000000;7.424540
2016-08-31;57901.000000;7.614913
2016-08-30;58575.000000;7.578302
2016-08-29;58610.000000;7.402574
2016-08-26;57716.000000;7.461151
2016-08-25;57722.000000;7.431861
2016-08-24;57718.000000;7.314710
2016-08-23;58020.000000;7.483115
2016-08-22;57781.000000;7.541691
2016-08-19;59099.000000;7.614913
2016-08-18;59166.000000;7.651522
2016-08-17;59324.000000;7.483115
2016-08-16;58855.000000;7.417218
2016-08-15;59146.000000;7.717421
2016-08-12;58298.000000;7.702483
2016-08-11;58300.000000;7.702483
2016-08-10;56920.000000;7.550030
2016-08-09;57689.000000;7.949311
2016-08-08;57635.000000;8.138062
2016-08-05;57661.000000;8.094503
2016-08-04;57594.000000;8.116282
2016-08-03;57077.000000;7.985609
2016-08-02;56162.000000;8.203399
2016-08-01;56756.000000;8.203399
2016-07-29;57308.000000;8.348593
2016-07-28;56667.000000;8.217917
2016-07-27;56853.000000;8.196139
2016-07-26;56783.000000;8.123543
2016-07-25;56873.000000;8.348593
2016-07-22;57002.000000;8.130802
2016-07-21;56641.000000;7.985609
2016-07-20;56578.000000;7.825896
2016-07-19;56698.000000;7.840416
2016-07-18;56484.000000;7.709743
2016-07-15;55578.000000;7.913013
2016-07-14;55481.000000;7.876715
2016-07-13;54598.000000;7.782340
2016-07-12;54256.000000;7.317722
2016-07-11;53960.000000;7.579069
2016-07-08;53141.000000;7.506474
2016-07-07;52015.000000;7.361281
2016-07-06;51902.000000;7.245126
2016-07-05;51842.000000;7.150751
2016-07-04;52569.000000;7.252385
2016-07-01;52233.000000;7.412098
2016-06-30;51527.000000;7.593589
2016-06-29;51002.000000;7.266904
2016-06-28;50007.000000;7.259645
2016-06-27;49246.000000;7.150751
2016-06-24;50105.000000;7.266904
2016-06-23;51560.000000;7.477434
2016-06-22;50156.000000;7.368539
2016-06-21;50838.000000;7.332241
2016-06-20;50329.000000;7.049116
2016-06-17;49534.000000;7.070894
2016-06-16;49412.000000;7.114452
2016-06-15;48915.000000;7.187049
2016-06-14;48648.000000;6.983778
2016-06-13;49661.000000;7.324982
2016-06-10;49422.000000;7.201568
2016-06-09;51118.000000;7.412098
2016-06-08;51629.000000;7.433876
2016-06-07;50488.000000;7.259645
2016-06-06;50432.000000;7.158010
2016-06-03;50619.000000;7.252385
2016-06-02;49887.000000;7.128971
2016-06-01;49013.000000;7.150751
2016-05-31;48472.000000;7.252385
2016-05-30;48964.000000;7.150751
2016-05-27;49051.000000;7.230605
2016-05-25;49483.000000;7.092674
2016-05-24;49345.000000;6.947479
2016-05-23;49330.000000;7.041856
2016-05-20;49723.000000;7.223346
2016-05-19;50133.000000;7.114452
2016-05-18;50562.000000;7.099932
2016-05-17;50839.000000;7.034596
2016-05-16;51803.000000;6.947479
2016-05-13;51804.000000;6.947569
2016-05-12;53241.000000;7.005346
2016-05-11;52764.000000;6.774242
2016-05-10;53071.000000;6.687578
2016-05-09;50990.000000;6.730910
2016-05-06;51718.000000;6.767020
2016-05-05;51671.000000;6.651468
2016-05-04;52553.000000;6.716465
2016-05-03;52260.000000;6.752576
2016-05-02;53562.000000;6.665912
2016-04-29;53911.000000;6.680356
2016-04-28;54312.000000;6.572026
2016-04-27;54478.000000;6.543138
2016-04-26;53083.000000;6.398697
2016-04-25;51862.000000;6.189259
2016-04-22;52908.000000;6.326478
2016-04-20;53631.000000;6.442029
2016-04-19;53710.000000;6.355365
2016-04-18;52894.000000;6.355365
2016-04-15;53228.000000;6.312034
2016-04-14;52411.000000;6.066485
2016-04-13;53150.000000;6.153149
2016-04-12;52002.000000;5.763161
2016-04-11;50165.000000;5.727051
2016-04-08;50293.000000;6.052042
2016-04-07;48513.000000;5.618720
2016-04-06;48096.000000;5.416504
2016-04-05;49054.000000;5.474281
2016-04-04;48780.000000;5.467058
2016-04-01;50562.000000;5.669275
2016-03-31;50055.000000;5.597055
2016-03-30;51249.000000;5.748716
2016-03-29;51155.000000;5.784826
2016-03-28;50838.000000;5.560946
2016-03-24;49657.000000;5.597055
2016-03-23;49690.000000;5.503169
2016-03-22;51010.000000;5.597055
2016-03-21;51172.000000;5.705385
2016-03-18;50815.000000;5.777605
2016-03-17;50914.000000;5.633164
2016-03-16;47763.000000;5.488725
2016-03-15;47130.000000;5.380394
2016-03-14;48867.000000;5.625943
2016-03-11;49639.000000;5.799010
2016-03-10;49571.000000;5.763168
2016-03-09;48665.000000;5.684319
2016-03-08;49102.000000;5.770337
2016-03-07;49246.000000;5.799010
2016-03-04;49085.000000;5.985380
2016-03-03;47193.000000;6.379626
2016-03-02;44893.000000;6.307946
2016-03-01;44122.000000;6.279274
2016-02-29;42794.000000;6.372458
2016-02-26;41593.000000;6.358122
2016-02-25;41888.000000;6.200424
2016-02-24;42085.000000;5.770337
2016-02-23;42521.000000;5.799010
2016-02-22;43235.000000;5.734496
2016-02-19;41543.000000;5.454939
2016-02-18;41478.000000;5.447771
2016-02-17;41631.000000;5.340249
2016-02-16;40948.000000;5.426267
2016-02-15;40093.000000;5.376090
2016-02-12;39808.000000;5.161046
2016-02-11;39318.000000;5.275736
2016-02-10;40377.000000;5.268569
2016-02-05;40592.000000;5.447771
2016-02-04;40822.000000;5.519453
2016-02-03;39589.000000;5.368922
2016-02-02;38596.000000;5.311577
2016-02-01;40570.000000;5.397595
2016-01-29;40406.000000;5.225559
2016-01-28;38630.000000;5.268569
2016-01-27;38376.000000;5.447771
2016-01-26;37497.000000;5.555293
2016-01-22;38031.000000;5.519453
2016-01-21;37717.000000;5.698655
2016-01-20;37645.000000;5.476443
2016-01-19;38057.000000;5.333082
2016-01-18;37937.000000;5.268569
2016-01-15;38569.000000;5.275736
2016-01-14;39500.000000;5.447771
2016-01-13;38944.000000;5.304409
2016-01-12;39514.000000;5.196887
2016-01-11;39950.000000;5.196887
2016-01-08;40612.000000;5.039188
2016-01-07;40695.000000;4.802640
2016-01-06;41773.000000;4.745295
2016-01-05;42419.000000;4.738129
2016-01-04;42141.000000;5.067862
2015-12-30;43350.000000;5.103701
2015-12-29;43654.000000;4.867154
2015-12-28;43764.000000;4.816977
2015-12-23;44015.000000;4.917331
2015-12-22;43470.000000;4.917331
2015-12-21;43200.000000;4.996180
2015-12-18;43911.000000;5.082198
2015-12-17;45261.000000;5.225559
2015-12-16;45016.000000;5.125206
2015-12-15;44872.000000;5.290072
2015-12-14;44747.000000;5.304409
2015-12-11;45263.000000;5.282905
2015-12-10;45631.000000;5.261401
2015-12-09;46108.000000;5.225559
2015-12-08;44443.000000;5.361754
2015-12-07;45223.000000;5.476443
2015-12-04;45361.000000;5.440603
2015-12-03;46393.000000;5.770337
2015-12-02;44915.000000;5.626975
2015-12-01;45047.000000;5.454939
2015-11-30;45120.000000;5.540957
2015-11-27;45873.000000;5.512285
2015-11-26;47146.000000;5.404762
2015-11-25;46867.000000;5.555293
2015-11-24;48284.000000;5.949539
2015-11-23;48150.000000;6.415467
2015-11-19;48139.000000;6.956340
2015-11-18;47436.000000;6.892392
2015-11-17;47248.000000;7.027398
2015-11-16;46847.000000;6.920814
2015-11-13;46517.000000;6.927919
2015-11-12;46884.000000;6.714753
2015-11-11;47065.000000;6.700542
2015-11-10;46179.000000;6.430530
2015-11-09;46195.000000;6.323947
2015-11-06;46919.000000;6.075253
2015-11-05;48047.000000;6.025513
2015-11-04;47710.000000;6.061041
2015-11-03;48054.000000;6.110781
2015-10-30;45869.000000;5.862085
2015-10-29;45628.000000;5.826558
2015-10-28;46741.000000;5.869191
2015-10-27;47043.000000;5.933141
2015-10-26;47209.000000;5.933141
2015-10-23;47597.000000;5.791030
2015-10-22;47772.000000;5.954458
2015-10-21;47026.000000;5.933141
2015-10-20;47077.000000;5.648920
2015-10-19;47447.000000;5.684447
2015-10-16;47236.000000;5.606286
2015-10-15;47161.000000;5.592074
2015-10-14;46710.000000;5.435751
2015-10-13;47363.000000;5.584970
2015-10-09;49338.000000;5.755501
2015-10-08;49107.000000;5.648920
2015-10-07;48914.000000;5.812346
2015-10-06;47735.000000;5.791030
2015-10-05;47598.000000;5.229691
2015-10-02;47033.000000;4.803358
2015-10-01;45313.000000;4.696774
2015-09-30;45059.000000;4.774934
2015-09-29;44132.000000;4.760724
2015-09-28;43957.000000;4.512029
2015-09-25;44831.000000;4.625719
2015-09-24;45292.000000;4.682562
2015-09-23;45340.000000;4.753619
2015-09-22;46265.000000;4.867308
2015-09-21;46590.000000;4.696774
2015-09-18;47264.000000;4.824674
2015-09-17;48551.000000;4.973891
2015-09-16;48553.000000;5.073368
2015-09-15;47364.000000;5.009418
2015-09-14;47282.000000;5.080474
2015-09-11;46401.000000;5.179952
2015-09-10;46504.000000;5.151530
2015-09-09;46657.000000;5.201268
2015-09-08;46762.000000;5.329169
2015-09-04;46498.000000;5.487716
2015-09-03;47366.000000;5.340160
2015-09-02;46464.000000;5.283947
2015-09-01;45477.000000;5.101257
2015-08-31;46626.000000;5.347186
2015-08-28;47154.000000;5.410424
2015-08-27;47715.000000;5.410424
2015-08-26;46038.000000;5.319079
2015-08-25;44545.000000;5.312054
2015-08-24;44336.000000;5.234761
2015-08-21;45720.000000;5.206656
2015-08-20;46649.000000;5.262867
2015-08-19;46588.000000;5.326105
2015-08-18;47451.000000;5.445557
2015-08-17;47217.000000;5.445557
2015-08-14;47508.000000;5.333132
2015-08-13;48010.000000;5.312054
2015-08-12;48388.000000;5.375292
2015-08-11;49072.000000;5.438530
2015-08-10;49353.000000;5.480690
2015-08-07;48577.000000;5.628247
2015-08-06;50011.000000;5.628247
2015-08-05;50287.000000;5.579060
2015-08-04;50058.000000;5.557981
2015-08-03;50138.000000;5.543928
2015-07-31;50865.000000;5.480690
2015-07-30;49897.000000;5.445557
2015-07-29;50245.000000;5.452582
2015-07-28;49602.000000;5.410424
2015-07-27;48736.000000;5.494743
2015-07-24;49246.000000;5.522849
2015-07-23;49807.000000;5.480690
2015-07-22;50916.000000;5.705538
2015-07-21;51474.000000;5.719590
2015-07-20;51600.000000;5.832016
2015-07-17;52342.000000;5.930387
2015-07-16;53070.000000;6.000652
2015-07-15;52902.000000;5.895254
2015-07-14;53239.000000;5.817962
2015-07-13;53119.000000;5.860121
2015-07-10;52591.000000;5.817962
2015-07-08;51782.000000;5.817962
2015-07-07;52344.000000;5.824989
2015-07-06;52149.000000;5.832016
2015-07-03;52519.000000;5.867148
2015-07-02;53106.000000;5.860121
2015-07-01;52758.000000;5.895254
2015-06-30;53081.000000;5.803909
2015-06-29;53014.000000;5.712565
2015-06-26;54017.000000;5.691484
2015-06-25;53176.000000;5.649326
2015-06-24;53843.000000;5.747697
2015-06-23;53772.000000;5.902280
2015-06-22;53864.000000;6.042811
2015-06-19;53749.000000;5.965519
2015-06-18;54239.000000;6.239554
2015-06-17;53249.000000;6.183342
2015-06-16;53702.000000;6.253607
2015-06-15;53138.000000;6.211448
2015-06-12;53348.000000;6.534668
2015-06-11;53689.000000;6.597906
2015-06-10;53876.000000;6.703304
2015-06-09;52816.000000;6.640065
2015-06-08;52810.000000;6.724384
2015-06-05;52973.000000;6.857889
2015-06-03;53523.000000;6.928154
2015-06-02;54236.000000;6.885994
2015-06-01;53031.000000;6.970312
2015-05-29;52760.000000;6.956260
2015-05-28;53976.000000;6.956260
2015-05-27;54236.000000;6.885994
2015-05-26;53630.000000;6.893022
2015-05-25;54609.000000;6.836808
2015-05-22;54377.000000;7.026525
2015-05-21;55112.000000;7.286506
2015-05-20;54901.000000;7.174081
2015-05-19;55499.000000;7.223267
2015-05-18;56204.000000;7.272453
2015-05-15;57249.000000;7.252539
2015-05-14;56657.000000;7.008463
2015-05-13;56372.000000;6.868991
2015-05-12;56792.000000;6.834123
2015-05-11;57197.000000;6.987543
2015-05-08;57149.000000;7.315302
2015-05-07;56921.000000;7.001489
2015-05-06;57103.000000;7.078199
2015-05-05;58052.000000;7.043332
2015-05-04;57354.000000;7.343195
2015-04-30;56229.000000;6.910832
2015-04-29;55325.000000;7.175830
2015-04-28;55812.000000;7.322273
2015-04-27;55535.000000;7.308328
2015-04-24;56594.000000;7.322273
2015-04-23;55685.000000;7.259512
2015-04-22;54617.000000;7.085174
2015-04-20;53761.000000;7.294381
2015-04-17;53955.000000;7.287406
2015-04-16;54674.000000;7.252539
2015-04-15;54919.000000;7.092146
2015-04-14;53982.000000;7.099120
2015-04-13;54240.000000;7.064253
2015-04-10;54214.000000;7.092146
2015-04-09;53803.000000;7.078199
2015-04-08;53661.000000;7.392010
2015-04-07;53729.000000;7.301354
2015-04-06;53737.000000;6.994514
2015-04-02;53123.000000;6.834123
2015-04-01;52322.000000;6.771360
2015-03-31;51150.000000;6.827150
2015-03-30;51243.000000;6.771360
2015-03-27;50095.000000;6.771360
2015-03-26;50580.000000;6.834123
2015-03-25;51858.000000;6.834123
2015-03-24;51506.000000;6.889911
2015-03-23;51908.000000;6.882938
2015-03-20;51967.000000;7.099120
2015-03-19;50954.000000;6.806230
2015-03-18;51526.000000;6.694651
2015-03-17;50285.000000;6.764387
2015-03-16;48848.000000;6.541233
2015-03-13;48596.000000;6.696999
2015-03-12;48880.000000;6.434101
2015-03-11;48906.000000;6.399509
2015-03-10;48293.000000;6.309570
2015-03-09;49181.000000;6.330326
2015-03-06;49981.000000;6.330326
2015-03-05;50365.000000;6.364918
2015-03-04;50468.000000;6.344162
2015-03-03;51304.000000;6.399509
2015-03-02;51021.000000;6.413345
2015-02-27;51583.000000;6.406427
2015-02-26;51761.000000;6.261141
2015-02-25;51811.000000;5.949814
2015-02-24;51874.000000;5.915221
2015-02-23;51281.000000;5.915221
2015-02-20;51238.000000;5.825283
2015-02-19;51294.000000;5.811445
2015-02-18;51280.000000;5.839120
2015-02-13;50636.000000;5.742262
2015-02-12;49533.000000;5.673079
2015-02-11;48240.000000;5.534711
2015-02-10;48510.000000;5.590058
2015-02-09;49383.000000;5.700752
2015-02-06;48792.000000;5.624650
2015-02-05;49234.000000;5.742262
2015-02-04;49301.000000;5.673079
2015-02-03;48964.000000;5.714589
2015-02-02;47651.000000;5.811445
2015-01-30;46908.000000;5.901385
2015-01-29;47762.000000;5.901385
2015-01-28;47695.000000;5.825283
2015-01-27;48591.000000;5.859875
2015-01-26;48577.000000;5.811445
2015-01-23;48775.000000;5.742262
2015-01-22;49443.000000;5.596976
2015-01-21;49224.000000;5.327158
2015-01-20;47877.000000;5.112689
2015-01-19;47758.000000;4.891301
2015-01-16;49017.000000;4.912056
2015-01-15;48026.000000;4.898219
2015-01-14;47646.000000;4.773687
2015-01-13;48042.000000;4.870546
2015-01-12;48140.000000;4.842871
2015-01-09;48840.000000;4.649158
2015-01-08;49943.000000;4.669911
2015-01-07;49463.000000;4.600728
2015-01-06;48001.000000;4.656074
2015-01-05;47517.000000;4.697585
2015-01-02;48512.000000;4.829035
2014-12-30;50007.000000;5.015831
2014-12-29;50594.000000;5.015831
2014-12-26;50145.000000;5.015831
2014-12-23;50890.000000;5.015831
2014-12-22;50121.000000;5.043504
2014-12-19;49651.000000;5.022750
2014-12-18;48496.000000;5.119608
2014-12-17;48714.000000;5.050424
2014-12-16;47008.000000;5.043504
2014-12-15;47019.000000;5.188790
2014-12-12;48002.000000;5.188790
2014-12-11;49861.000000;5.507037
2014-12-10;49548.000000;5.534711
2014-12-09;50193.000000;5.673079
2014-12-08;50274.000000;5.666159
2014-12-05;51992.000000;5.783773
2014-12-04;51427.000000;5.707671
2014-12-03;52320.000000;5.673079
2014-12-02;51612.000000;5.555466
2014-12-01;52276.000000;5.465526
2014-11-28;54664.000000;5.596976
2014-11-27;54721.000000;5.638486
2014-11-26;55098.000000;5.624650
2014-11-25;55561.000000;5.541629
2014-11-24;55407.000000;5.603894
2014-11-21;56084.000000;5.776855
2014-11-19;53403.000000;5.603894
2014-11-18;52062.000000;5.500118
2014-11-17;51257.000000;5.361752
2014-11-14;51772.000000;5.375866
2014-11-13;51846.000000;5.334565
2014-11-12;52979.000000;5.506649
2014-11-11;52474.000000;5.403399
2014-11-10;52725.000000;5.506649
2014-11-07;53223.000000;5.603015
2014-11-06;52637.000000;5.561716
2014-11-05;53698.000000;5.692498
2014-11-04;54384.000000;5.664964
2014-11-03;53947.000000;5.747564
2014-10-31;54629.000000;5.981597
2014-10-30;52337.000000;5.850815
2014-10-29;51049.000000;5.850815
2014-10-28;52330.000000;5.926531
2014-10-27;50504.000000;5.747564
2014-10-24;51941.000000;6.036663
2014-10-23;50713.000000;5.919648
2014-10-22;52411.000000;6.043547
2014-10-21;52432.000000;6.057314
2014-10-20;54303.000000;6.194980
2014-10-17;55724.000000;6.243163
2014-10-16;54298.000000;5.988481
2014-10-15;56135.000000;6.305113
2014-10-14;58015.000000;6.566678
2014-10-13;57957.000000;6.663045
2014-10-10;55312.000000;6.676812
2014-10-09;57268.000000;6.883312
2014-10-08;57058.000000;7.041627
2014-10-07;57436.000000;7.020976
2014-10-06;57116.000000;7.158642
2014-10-03;54540.000000;6.883312
2014-10-02;53519.000000;6.903961
2014-10-01;52858.000000;6.876428
2014-09-30;54116.000000;7.096694
2014-09-29;54625.000000;6.979678
2014-09-26;57212.000000;6.917727
2014-09-25;55962.000000;6.959027
2014-09-24;56824.000000;6.986560
2014-09-23;56541.000000;6.986560
2014-09-22;56818.000000;7.089810
2014-09-19;57789.000000;7.117343
2014-09-18;58374.000000;6.959027
2014-09-17;59108.000000;7.117343
2014-09-16;59115.000000;7.268776
2014-09-15;57949.000000;7.378910
2014-09-12;56928.000000;7.330726
2014-09-11;58337.000000;7.475275
2014-09-10;58199.000000;7.406442
2014-09-09;58676.000000;7.502809
2014-09-08;59193.000000;7.743725
2014-09-05;60681.000000;7.736842
2014-09-04;60800.000000;7.778140
2014-09-03;61837.000000;7.902039
2014-09-02;61896.000000;7.929574
2014-09-01;61141.000000;7.778140
2014-08-29;61288.000000;7.537227
2014-08-28;60291.000000;7.571640
2014-08-27;60951.000000;7.475275
2014-08-26;59821.000000;7.137993
2014-08-25;59735.000000;7.165525
2014-08-22;58407.000000;7.275660
2014-08-21;58992.000000;7.248126
2014-08-20;58878.000000;7.165525
2014-08-19;58449.000000;7.255011
2014-08-18;57561.000000;7.144877
2014-08-15;56964.000000;7.311352
2014-08-14;55780.000000;7.338711
2014-08-13;55581.000000;7.256638
2014-08-12;56442.000000;7.174565
2014-08-11;56613.000000;7.058295
2014-08-08;55573.000000;6.668447
2014-08-07;56188.000000;6.805236
2014-08-06;56487.000000;6.900987
2014-08-05;56202.000000;6.976220
2014-08-04;56616.000000;7.174565
2014-08-01;55903.000000;7.195084
2014-07-31;55829.000000;7.263479
2014-07-30;56878.000000;7.352391
2014-07-29;57119.000000;7.304512
2014-07-28;57696.000000;7.420783
2014-07-25;57821.000000;7.625967
2014-07-24;57978.000000;7.660163
2014-07-23;57420.000000;7.619129
2014-07-22;57983.000000;7.660163
2014-07-21;57634.000000;7.625967
2014-07-18;57013.000000;7.694362
2014-07-17;55638.000000;7.625967
2014-07-16;55717.000000;7.694362
2014-07-15;55974.000000;7.933742
2014-07-14;55744.000000;7.906384
2014-07-11;54786.000000;7.755915
2014-07-10;54593.000000;7.673843
2014-07-08;53635.000000;7.708040
2014-07-07;53802.000000;7.708040
2014-07-04;54055.000000;7.783272
2014-07-03;53875.000000;7.728557
2014-07-02;53029.000000;7.653323
2014-07-01;53171.000000;7.783272
2014-06-30;53168.000000;7.865347
2014-06-27;53157.000000;7.899544
2014-06-26;53506.000000;7.961100
2014-06-25;53426.000000;7.844831
2014-06-24;54281.000000;8.125245
2014-06-23;54210.000000;7.913222
2014-06-20;54638.000000;8.138927
2014-06-18;55203.000000;8.104724
2014-06-17;54300.000000;8.097889
2014-06-16;54630.000000;8.193640
2014-06-13;54807.000000;8.070530
2014-06-11;55102.000000;8.234675
2014-06-10;54604.000000;8.179959
2014-06-09;54273.000000;8.138927
2014-06-06;53129.000000;8.043173
2014-06-05;51559.000000;7.933742
2014-06-04;51833.000000;8.002134
2014-06-03;52032.000000;8.097889
2014-06-02;51606.000000;8.091048
2014-05-30;51239.000000;8.104724
2014-05-29;52239.000000;8.193640
2014-05-28;52640.000000;8.241516
2014-05-27;52172.000000;8.179959
2014-05-26;52932.000000;8.207318
2014-05-23;52626.000000;8.125245
2014-05-22;52806.000000;8.125245
2014-05-21;52203.000000;8.097889
2014-05-20;52366.000000;8.248354
2014-05-19;53353.000000;8.050013
2014-05-16;53976.000000;8.052404
2014-05-15;53856.000000;7.984394
2014-05-14;54413.000000;7.821168
2014-05-13;53907.000000;7.875575
2014-05-12;54053.000000;8.004797
2014-05-09;53100.000000;7.984394
2014-05-08;53422.000000;7.868775
2014-05-07;54053.000000;7.596737
2014-05-06;53780.000000;7.501521
2014-05-05;53446.000000;7.481116
2014-05-02;52980.000000;7.481116
2014-04-30;51626.000000;7.481116
2014-04-29;51839.000000;7.549129
2014-04-28;51384.000000;7.372302
2014-04-25;51399.000000;7.549129
2014-04-24;51817.000000;7.583133
2014-04-23;51570.000000;7.635688
2014-04-22;51977.000000;7.629508
2014-04-17;52112.000000;7.635688
2014-04-16;51201.000000;7.666597
2014-04-15;50454.000000;7.666597
2014-04-14;51596.000000;7.882998
2014-04-11;51867.000000;7.876810
2014-04-10;51127.000000;7.858267
2014-04-09;51185.000000;7.882998
2014-04-08;51629.000000;7.944818
2014-04-07;52155.000000;8.037568
2014-04-04;51082.000000;7.920089
2014-04-03;51408.000000;7.957188
2014-04-02;51701.000000;8.037568
2014-04-01;50270.000000;8.031381
2014-03-31;50415.000000;7.790257
2014-03-28;49768.000000;7.784070
2014-03-27;49647.000000;7.666597
2014-03-26;47966.000000;7.542946
2014-03-25;48180.000000;7.561498
2014-03-24;47993.000000;7.728426
2014-03-21;47381.000000;7.562476
2014-03-20;47278.000000;7.648484
2014-03-19;46567.000000;7.544044
2014-03-18;46150.000000;7.470327
2014-03-17;45118.000000;7.494897
2014-03-14;44966.000000;7.556326
2014-03-13;45444.000000;7.494897
2014-03-12;45862.000000;7.697629
2014-03-11;45698.000000;7.507182
2014-03-10;45533.000000;7.537903
2014-03-07;46244.000000;7.943367
2014-03-06;47093.000000;8.293530
2014-03-05;46589.000000;8.170668
2014-02-28;47094.000000;7.881931
2014-02-27;47607.000000;7.679198
2014-02-26;46599.000000;7.562476
2014-02-25;46716.000000;7.470327
2014-02-24;47393.000000;7.587049
2014-02-21;47380.000000;7.562476
2014-02-20;47289.000000;7.611621
2014-02-19;47151.000000;7.716062
2014-02-18;46600.000000;7.679198
2014-02-17;47576.000000;7.679198
2014-02-14;48201.000000;7.771348
2014-02-13;47813.000000;7.679198
2014-02-12;48217.000000;7.740633
2014-02-11;48463.000000;7.556326
2014-02-10;47711.000000;7.372027
2014-02-07;48074.000000;7.494897
2014-02-06;47738.000000;7.464177
2014-02-05;46624.000000;7.537903
2014-02-04;46964.000000;7.740633
2014-02-03;46148.000000;7.630054
2014-01-31;47639.000000;7.740633
2014-01-30;47244.000000;7.771348
2014-01-29;47557.000000;7.771348
2014-01-28;47841.000000;7.900360
2014-01-27;47701.000000;7.771348
2014-01-24;47787.000000;7.814351
2014-01-23;48321.000000;7.924932
2014-01-22;49300.000000;8.139944
2014-01-21;48542.000000;7.924932
2014-01-20;48708.000000;8.047796
2014-01-17;49182.000000;8.047796
2014-01-16;49696.000000;7.986368
2014-01-15;50105.000000;8.121522
2014-01-14;49703.000000;8.017081
2014-01-13;49427.000000;7.795920
2014-01-10;49696.000000;7.894209
2014-01-09;49322.000000;7.924932
2014-01-08;50577.000000;8.146094
2014-01-07;50430.000000;8.133803
2014-01-06;50974.000000;8.385682
2014-01-03;50981.000000;8.508527
2014-01-02;50341.000000;8.600686
2013-12-30;51507.000000;9.092140
2013-12-27;51267.000000;8.999981
2013-12-26;51221.000000;8.852576
2013-12-23;51356.000000;8.778835
2013-12-20;51186.000000;8.637515
2013-12-19;50819.000000;8.723591
2013-12-18;50563.000000;8.785001
2013-12-17;50090.000000;8.711258
2013-12-16;50280.000000;8.631432
2013-12-13;50051.000000;8.748173
2013-12-12;50122.000000;8.656015
2013-12-11;50068.000000;8.827996
2013-12-10;50993.000000;8.785001
2013-12-09;51165.000000;8.791168
2013-12-06;50944.000000;8.907907
2013-12-05;50788.000000;8.846413
2013-12-04;50216.000000;8.969318
2013-12-03;50349.000000;9.141301
2013-12-02;51245.000000;9.251872
2013-11-29;52482.000000;9.251872
2013-11-28;51847.000000;9.190463
2013-11-27;51861.000000;9.129054
2013-11-26;51447.000000;9.122886
2013-11-25;52264.000000;9.092140
2013-11-22;52801.000000;9.153633
2013-11-21;52688.000000;9.215041
2013-11-19;53033.000000;9.122886
2013-11-18;54307.000000;9.153633
2013-11-14;53452.000000;9.055309
2013-11-13;52230.000000;9.061475
2013-11-12;51804.000000;9.135219
2013-11-11;52624.000000;9.356362
2013-11-08;52249.000000;9.430024
2013-11-07;52741.000000;9.460770
2013-11-06;53385.000000;9.522182
2013-11-05;53832.000000;9.675750
2013-11-04;54437.000000;9.583678
2013-11-01;54013.000000;9.466939
2013-10-31;54256.000000;9.522182
2013-10-30;54173.000000;9.522182
2013-10-29;54539.000000;9.497601
2013-10-28;55073.000000;9.430024
2013-10-25;54154.000000;9.337948
2013-10-24;54877.000000;9.307201
2013-10-23;55440.000000;9.239626
2013-10-22;56460.000000;9.337948
2013-10-21;56077.000000;9.215041
2013-10-18;55378.000000;9.024563
2013-10-17;55358.000000;9.147470
2013-10-16;55973.000000;9.122886
2013-10-15;54981.000000;8.956985
2013-10-14;54171.000000;9.086057
2013-10-11;53150.000000;9.061475
2013-10-10;52997.000000;9.055309
2013-10-09;52548.000000;8.950904
2013-10-08;52312.000000;8.895575
2013-10-07;52417.000000;8.791168
2013-10-04;52849.000000;8.907907
2013-10-03;52490.000000;8.877161
2013-10-02;53100.000000;8.846413
2013-10-01;53179.000000;8.901743
2013-09-30;52338.000000;8.766586
2013-09-27;53739.000000;8.877161
2013-09-26;53783.000000;8.938572
2013-09-25;54261.000000;8.907907
2013-09-24;54431.000000;8.692845
2013-09-23;54602.000000;8.588438
2013-09-20;54110.000000;8.465530
2013-09-19;55096.000000;8.569940
2013-09-18;55703.000000;8.699010
2013-09-17;54271.000000;8.477865
2013-09-16;53822.000000;8.367248
2013-09-13;53798.000000;8.219813
2013-09-12;53307.000000;8.324254
2013-09-11;53570.000000;8.225953
2013-09-10;53979.000000;8.109232
2013-09-09;54252.000000;8.170668
2013-09-06;53749.000000;8.035514
2013-09-05;52352.000000;7.863498
2013-09-04;51716.000000;7.851216
2013-09-03;51626.000000;7.851216
2013-09-02;51835.000000;7.894209
2013-08-30;50008.000000;7.636193
2013-08-29;49922.000000;7.433462
2013-08-28;49867.000000;7.359746
2013-08-27;50092.000000;7.402749
2013-08-26;51429.000000;7.580908
2013-08-23;52197.000000;7.765207
2013-08-22;51398.000000;7.759056
2013-08-21;50405.000000;7.795920
2013-08-20;50507.000000;7.808211
2013-08-19;51574.000000;8.078515
2013-08-16;51539.000000;8.164517
2013-08-15;50908.000000;8.324254
2013-08-14;50896.000000;8.385682
2013-08-13;50601.000000;8.477865
2013-08-12;50299.000000;8.631432
2013-08-09;49875.000000;8.477865
2013-08-08;48929.000000;8.477865
2013-08-07;47447.000000;8.379539
2013-08-06;47422.000000;8.397973
2013-08-05;48436.000000;8.569940
2013-08-02;48474.000000;8.477865
2013-08-01;49141.000000;8.600686
2013-07-31;48234.000000;8.606853
2013-07-30;48562.000000;8.569940
2013-07-29;49212.000000;8.434825
2013-07-26;49422.000000;FALSO
2013-07-25;49067.000000;8.139944
2013-07-24;48374.000000;8.139944
2013-07-23;48820.000000;8.219813
2013-07-22;48574.000000;8.225953
2013-07-19;47400.000000;8.232096
2013-07-18;47657.000000;8.232096
2013-07-17;47407.000000;8.232096
2013-07-16;46869.000000;8.170668
2013-07-15;46739.000000;8.232096
2013-07-12;45533.000000;8.238246
2013-07-11;46626.000000;8.428684
2013-07-10;45483.000000;8.508527
2013-07-08;45076.000000;8.569940
2013-07-05;45210.000000;8.600686
2013-07-04;45763.000000;8.674431
2013-07-03;45044.000000;8.477865
2013-07-02;45229.000000;8.563856
2013-07-01;47230.000000;8.981566
2013-06-28;47457.000000;8.858744
2013-06-27;47609.000000;8.742005
2013-06-26;47172.000000;8.643682
2013-06-25;46893.000000;8.404114
2013-06-24;45965.000000;8.508527
2013-06-21;47056.000000;8.631432
2013-06-20;48214.000000;8.723591
2013-06-19;47893.000000;8.969318
2013-06-18;49465.000000;9.030727
2013-06-17;49089.000000;9.184299
2013-06-14;49332.000000;9.006146
2013-06-13;50415.000000;8.975484
2013-06-12;49181.000000;8.864827
2013-06-11;49770.000000;8.785001
2013-06-10;51317.000000;8.907907
2013-06-07;51619.000000;9.055309
2013-06-06;52885.000000;9.153633
2013-06-05;52799.000000;9.221211
2013-06-04;54018.000000;9.184299
2013-06-03;53944.000000;9.233459
2013-05-31;53506.000000;9.245708
2013-05-29;54635.000000;9.319451
2013-05-28;56036.000000;9.491518
2013-05-27;56396.000000;9.423943
2013-05-24;56406.000000;9.479186
2013-05-23;56350.000000;9.307201
2013-05-22;56429.000000;9.368612
2013-05-21;56265.000000;9.184299
2013-05-20;55701.000000;9.196630
2013-05-17;55164.000000;9.337948
2013-05-16;54773.000000;9.079891
2013-05-15;54936.000000;9.092140
2013-05-14;54667.000000;8.969318
2013-05-13;54448.000000;8.631432
2013-05-10;55108.000000;8.434825
2013-05-09;55448.000000;8.330395
2013-05-08;55805.000000;8.207522
2013-05-07;56275.000000;8.170668
2013-05-06;55430.000000;8.201381
2013-05-03;55488.000000;8.250528
2013-05-02;55322.000000;8.017081
2013-04-30;55910.000000;8.152239
2013-04-29;54887.000000;8.170668
2013-04-26;54252.000000;FALSO
2013-04-25;54963.000000;8.146094
2013-04-24;54984.000000;8.086889
2013-04-23;54885.000000;8.165083
2013-04-22;54298.000000;7.947269
2013-04-19;53929.000000;7.796475
2013-04-18;53166.000000;7.433462
2013-04-17;52882.000000;7.344101
2013-04-16;53991.000000;7.260331
2013-04-15;52950.000000;7.176560
2013-04-12;54963.000000;7.260331
2013-04-11;55401.000000;7.316185
2013-04-10;56187.000000;7.416712
2013-04-09;55912.000000;7.399953
2013-04-08;55092.000000;7.422297
2013-04-05;55051.000000;7.450213
2013-04-04;54648.000000;7.472556
2013-04-03;55563.000000;7.511651
2013-04-02;54889.000000;7.673616
2013-04-01;55902.000000;7.707124
2013-03-28;56352.000000;FALSO
2013-03-27;56034.000000;7.372027
2013-03-26;55671.000000;7.260331
2013-03-25;54873.000000;7.148635
2013-03-22;55243.000000;7.173862
2013-03-21;55577.000000;7.445307
2013-03-20;56030.000000;7.677975
2013-03-19;56361.000000;7.561637
2013-03-18;56973.000000;7.639199
2013-03-15;56869.000000;7.644737
2013-03-14;57281.000000;7.783229
2013-03-13;57386.000000;7.727831
2013-03-12;58209.000000;7.578260
2013-03-11;58545.000000;7.312352
2013-03-08;58433.000000;7.245876
2013-03-07;58847.000000;7.384369
2013-03-06;57940.000000;7.522861
2013-03-05;55951.000000;7.522861
2013-03-04;56499.000000;7.644737
2013-03-01;56884.000000;7.689053
2013-02-28;57424.000000;7.450847
2013-02-27;57274.000000;7.351129
2013-02-26;56949.000000;7.423145
2013-02-25;56618.000000;7.256963
2013-02-22;56697.000000;7.473007
2013-02-21;56155.000000;7.312352
2013-02-20;56178.000000;7.423145
2013-02-19;57314.000000;7.428694
2013-02-18;57614.000000;7.500707
2013-02-15;57903.000000;7.666890
2013-02-14;58077.000000;7.650277
2013-02-13;58406.000000;7.722292
2013-02-08;58498.000000;7.672429
2013-02-07;58372.000000;7.716753
2013-02-06;58951.000000;7.749991
2013-02-05;59445.000000;7.783229
2013-02-04;59576.000000;7.938337
2013-02-01;60351.000000;8.087907
2013-01-31;59761.000000;7.977113
2013-01-30;59337.000000;7.755531
2013-01-29;60406.000000;7.633652
2013-01-28;60027.000000;7.589337
2013-01-24;61170.000000;7.761068
2013-01-23;61966.000000;8.004815
2013-01-22;61692.000000;8.032515
2013-01-21;61900.000000;8.032515
2013-01-18;61956.000000;8.021431
2013-01-17;62194.000000;7.977113
2013-01-16;61787.000000;7.866323
2013-01-15;61728.000000;7.877399
2013-01-14;62081.000000;7.777686
2013-01-11;61497.000000;7.689053
2013-01-10;61678.000000;7.794307
2013-01-09;61579.000000;8.049130
2013-01-08;61128.000000;8.115606
2013-01-07;61933.000000;8.226398
2013-01-04;62523.000000;8.414770
2013-01-03;63312.000000;8.392567
2013-01-02;62550.000000;8.398096
2012-12-28;60952.000000;8.364892
2012-12-27;60416.000000;8.193160
2012-12-26;60960.000000;8.198697
2012-12-21;61007.000000;8.026977
2012-12-20;61276.000000;8.032515
2012-12-19;60998.000000;8.032515
2012-12-18;60461.000000;7.971575
2012-12-17;59567.000000;8.038054
2012-12-14;59605.000000;7.977113
2012-12-13;59317.000000;7.921721
2012-12-12;59474.000000;7.894022
2012-12-11;59623.000000;8.032515
2012-12-10;59248.000000;7.993739
2012-12-07;58487.000000;7.916174
2012-12-06;57656.000000;8.043591
2012-12-05;57679.000000;7.788768
2012-12-04;57563.000000;7.838620
2012-12-03;58202.000000;7.794307
2012-11-30;57475.000000;7.783229
2012-11-29;57853.000000;7.761068
2012-11-28;56539.000000;7.755531
2012-11-27;56248.000000;7.700130
2012-11-26;56737.000000;7.777686
2012-11-23;57574.000000;7.894022
2012-11-22;56437.000000;7.916174
2012-11-21;56242.000000;7.888484
2012-11-19;56451.000000;7.999276
2012-11-16;55402.000000;7.999276
2012-11-14;56279.000000;8.087907
2012-11-13;57486.000000;7.927258
2012-11-12;57064.000000;8.026977
2012-11-09;57358.000000;8.104528
2012-11-08;57524.000000;8.281802
2012-11-07;58517.000000;8.392567
2012-11-06;59459.000000;8.553269
2012-11-05;58210.000000;8.531065
2012-11-01;58383.000000;8.520007
2012-10-31;57068.000000;8.520007
2012-10-30;57684.000000;8.254098
2012-10-29;57177.000000;8.364892
2012-10-26;57277.000000;8.475680
2012-10-25;57837.000000;8.531065
2012-10-24;57161.000000;8.447948
2012-10-23;57690.000000;8.525537
2012-10-22;58700.000000;8.475680
2012-10-19;58922.000000;8.420300
2012-10-18;59734.000000;8.447948
2012-10-17;60087.000000;8.531065
2012-10-16;59744.000000;8.475680
2012-10-15;59602.000000;8.337190
2012-10-11;59162.000000;8.226398
2012-10-10;58456.000000;8.193160
2012-10-09;58939.000000;8.287339
2012-10-08;59317.000000;8.359351
2012-10-05;58572.000000;8.309500
2012-10-04;58458.000000;8.309500
2012-10-03;58627.000000;8.254098
2012-10-02;59222.000000;8.193160
2012-10-01;59571.000000;8.148845
2012-09-28;59176.000000;7.894022
2012-09-27;60240.000000;8.038054
2012-09-26;60478.000000;8.093444
2012-09-25;60501.000000;8.032515
2012-09-24;61910.000000;8.337190
2012-09-21;61320.000000;8.148845
2012-09-20;61688.000000;7.916174
2012-09-19;61652.000000;7.977113
2012-09-18;61804.000000;7.921721
2012-09-17;61806.000000;7.971575
2012-09-14;62105.000000;7.949417
2012-09-13;61958.000000;8.215321
2012-09-12;59922.000000;8.198697
2012-09-11;59423.000000;8.032515
2012-09-10;58404.000000;7.999276
2012-09-06;58321.000000;7.783229
2012-09-05;56864.000000;7.722292
2012-09-04;56234.000000;7.489622
2012-09-03;57281.000000;7.362215
2012-08-31;57061.000000;7.262499
2012-08-30;57256.000000;7.312352
2012-08-29;57369.000000;7.234800
2012-08-28;58406.000000;7.334515
2012-08-27;58111.000000;7.112930
2012-08-24;58426.000000;6.968900
2012-08-23;58512.000000;6.930113
2012-08-22;59381.000000;6.946739
2012-08-21;58918.000000;7.112930
2012-08-20;59283.000000;7.229262
2012-08-17;59082.000000;7.345591
2012-08-16;59446.000000;7.146169
2012-08-15;58189.000000;7.090768
2012-08-14;58083.000000;7.201561
2012-08-13;59123.000000;7.057529
2012-08-10;59281.000000;6.979977
2012-08-09;58797.000000;7.140624
2012-08-08;58951.000000;7.256963
2012-08-07;57726.000000;6.869184
2012-08-06;58345.000000;6.841484
2012-08-03;57255.000000;6.630978
2012-08-02;55520.000000;6.509109
2012-08-01;55623.000000;6.619900
2012-07-31;56097.000000;6.747307
2012-07-30;57241.000000;6.791631
2012-07-27;56553.000000;7.024292
2012-07-26;54003.000000;6.869184
2012-07-25;52608.000000;6.852561
2012-07-24;52639.000000;6.680830
2012-07-23;53034.000000;6.647592
2012-07-20;54195.000000;7.107382
2012-07-19;55347.000000;7.101847
2012-07-18;54583.000000;7.007676
2012-07-17;53909.000000;6.869184
2012-07-16;53402.000000;6.979977
2012-07-13;54331.000000;7.190484
2012-07-12;53421.000000;7.234800
2012-07-11;53569.000000;7.533946
2012-07-10;53706.000000;7.412068
2012-07-06;55394.000000;7.478545
2012-07-05;56379.000000;7.528399
2012-07-04;56077.000000;7.506244
2012-07-03;55780.000000;7.561637
2012-07-02;54693.000000;7.306814
2012-06-29;54355.000000;7.423145
2012-06-28;52652.000000;7.290201
2012-06-27;53109.000000;7.051991
2012-06-26;53837.000000;7.140624
2012-06-25;53805.000000;7.035368
2012-06-22;55440.000000;7.201561
2012-06-21;55505.000000;7.317890
2012-06-20;57167.000000;7.500707
2012-06-19;57195.000000;7.617037
2012-06-18;56195.000000;7.367753
2012-06-15;56105.000000;7.196022
2012-06-14;55352.000000;7.063069
2012-06-13;55651.000000;7.035368
2012-06-12;55049.000000;7.090768
2012-06-11;54001.000000;7.035368
2012-06-08;54430.000000;7.007676
2012-06-06;54156.000000;7.007676
2012-06-05;52481.000000;6.996591
2012-06-04;53417.000000;7.090768
2012-06-01;53403.000000;6.874722
2012-05-31;54490.000000;7.063069
2012-05-30;53798.000000;6.996591
2012-05-29;54633.000000;7.207098
2012-05-28;55213.000000;7.212639
2012-05-25;54463.000000;7.207098
2012-05-24;54063.000000;7.284654
2012-05-23;54619.000000;7.312352
2012-05-22;55039.000000;7.367753
2012-05-21;56590.000000;7.334515
2012-05-18;54513.000000;7.312352
2012-05-17;54038.000000;7.173862
2012-05-16;55888.000000;7.533946
2012-05-15;56238.000000;7.700130
2012-05-14;57540.000000;7.589337
2012-05-11;59445.000000;7.894022
2012-05-10;59702.000000;8.065753
2012-05-09;59786.000000;8.182084
2012-05-08;60365.000000;8.403627
2012-05-07;61220.000000;8.531065
2012-05-04;60821.000000;8.558799
2012-05-03;62104.000000;8.381505
2012-05-02;62424.000000;8.447948
2012-04-30;61820.000000;8.586450
2012-04-27;61691.000000;8.614182
2012-04-26;62198.000000;8.603124
2012-04-25;61750.000000;8.430353
2012-04-24;61971.000000;8.561314
2012-04-23;61539.000000;8.460602
2012-04-20;62494.000000;8.440408
2012-04-19;62618.000000;8.359855
2012-04-18;63010.000000;8.405218
2012-04-17;62699.000000;8.259135
2012-04-16;61955.000000;8.329641
2012-04-13;62106.000000;8.158412
2012-04-12;63058.000000;8.299420
2012-04-11;61293.000000;7.674951
2012-04-10;61738.000000;7.805887
2012-04-09;62923.000000;7.805887
2012-04-05;63691.000000;7.881428
2012-04-04;63529.000000;7.977113
2012-04-03;64284.000000;8.032515
2012-04-02;65216.000000;8.057692
2012-03-30;64511.000000;7.951935
2012-03-29;64872.000000;8.042583
2012-03-28;65079.000000;8.113093
2012-03-27;66037.000000;8.133234
2012-03-26;66685.000000;8.208778
2012-03-23;65813.000000;7.956970
2012-03-22;65828.000000;8.057692
2012-03-21;66860.000000;8.233954
2012-03-20;67296.000000;8.082871
2012-03-19;67730.000000;FALSO
2012-03-16;67684.000000;8.057692
2012-03-15;67749.000000;8.173518
2012-03-14;68257.000000;8.168482
2012-03-13;68394.000000;8.304455
2012-03-12;66385.000000;8.259135
2012-03-09;66704.000000;8.546232
2012-03-08;66908.000000;8.500905
2012-03-07;66017.000000;8.385025
2012-03-06;65114.000000;8.183591
2012-03-05;66964.000000;8.244028
2012-03-02;67782.000000;8.153379
2012-03-01;66810.000000;8.082871
2012-02-29;65812.000000;7.886464
2012-02-28;65959.000000;7.755531
2012-02-27;65241.000000;7.594375
2012-02-24;65943.000000;7.453367
2012-02-23;65820.000000;7.453367
2012-02-17;66204.000000;7.403002
2012-02-16;66142.000000;7.423145
2012-02-15;65368.000000;7.327459
2012-02-14;65039.000000;7.120983
2012-02-13;65692.000000;7.146169
2012-02-10;63998.000000;7.226738
2012-02-09;65530.000000;7.277105
2012-02-08;65831.000000;7.272068
2012-02-07;65917.000000;7.186454
2012-02-06;65224.000000;7.120983
2012-02-03;65217.000000;7.176383
2012-02-02;64593.000000;7.151205
2012-02-01;64567.000000;7.151205
2012-01-31;63072.000000;7.075663
2012-01-30;62770.000000;7.070626
2012-01-27;62904.000000;7.120983
2012-01-26;62953.000000;7.095806
2012-01-24;62486.000000;7.000120
2012-01-23;62386.000000;7.025297
2012-01-20;62312.000000;6.974940
2012-01-19;61927.000000;6.798677
2012-01-18;61723.000000;6.697956
2012-01-17;60646.000000;6.798677
2012-01-16;59956.000000;6.723135
2012-01-13;59147.000000;6.617378
2012-01-12;59921.000000;6.647592
2012-01-11;59962.000000;6.647592
2012-01-10;59806.000000;6.431043
2012-01-09;59083.000000;6.290038
2012-01-06;58600.000000;6.194353
2012-01-05;58546.000000;6.093631
2012-01-04;59365.000000;6.290038
2012-01-03;59265.000000;6.345429
2012-01-02;57829.000000;6.053338
2011-12-29;56754.000000;6.244709
2011-12-28;56534.000000;6.128881
2011-12-27;58005.000000;6.143988
2011-12-26;57669.000000;6.043267
2011-12-23;57701.000000;5.992910
2011-12-22;57348.000000;5.917368
2011-12-21;56653.000000;5.942547
2011-12-20;56865.000000;6.143988
2011-12-19;55298.000000;5.967725
2011-12-16;56097.000000;6.093631
2011-12-15;56331.000000;5.987876
2011-12-14;56647.000000;5.887156
2011-12-13;57495.000000;5.967725
2011-12-12;57347.000000;5.821683
2011-12-09;58236.000000;5.771319
2011-12-08;57455.000000;5.761246
2011-12-07;58663.000000;5.640383
2011-12-06;59536.000000;5.741106
2011-12-05;58910.000000;5.574912
2011-12-02;57886.000000;5.489306
2011-12-01;58143.000000;5.524556
2011-11-30;56875.000000;5.524556
2011-11-29;55300.000000;5.418799
2011-11-28;56017.000000;5.413764
2011-11-25;54894.000000;5.313044
2011-11-24;55280.000000;5.393621
2011-11-23;54972.000000;5.353328
2011-11-22;55878.000000;5.413764
2011-11-21;56285.000000;5.438942
2011-11-18;56731.000000;5.413764
2011-11-17;56989.000000;5.564841
2011-11-16;58560.000000;5.579947
2011-11-14;58258.000000;5.484262
2011-11-11;58547.000000;5.615205
2011-11-10;57322.000000;5.579947
2011-11-09;57550.000000;5.620241
2011-11-08;59026.000000;5.761246
2011-11-07;59199.000000;5.851896
2011-11-04;58670.000000;5.791468
2011-11-03;58196.000000;5.786433
2011-11-01;57323.000000;5.715927
2011-10-31;58338.000000;5.741106
2011-10-28;59513.000000;5.791468
2011-10-27;59270.000000;5.791468
2011-10-26;57144.000000;5.610170
2011-10-25;56286.000000;5.590027
2011-10-24;56892.000000;5.539662
2011-10-21;55255.000000;5.489306
2011-10-20;54010.000000;5.438942
2011-10-19;54966.000000;5.484262
2011-10-18;55032.000000;5.539662
2011-10-17;53911.000000;5.539662
2011-10-14;55030.000000;5.539662
2011-10-13;54601.000000;5.539662
2011-10-11;53838.000000;5.474191
2011-10-10;53273.000000;5.398657
2011-10-07;51244.000000;5.297936
2011-10-06;52290.000000;5.277786
2011-10-05;51014.000000;5.096487
2011-10-04;50686.000000;5.061236
2011-10-03;50792.000000;5.166993
2011-09-30;52324.000000;5.257643
2011-09-29;53385.000000;5.272750
2011-09-28;53270.000000;5.247572
2011-09-27;53920.000000;5.338221
2011-09-26;53748.000000;5.338221
2011-09-23;53230.000000;5.217358
2011-09-22;53280.000000;5.287857
2011-09-21;55982.000000;5.504415
2011-09-20;56379.000000;5.438942
2011-09-19;57103.000000;5.564841
2011-09-16;57210.000000;5.443977
2011-09-15;56381.000000;5.534626
2011-09-14;56286.000000;5.584983
2011-09-13;55544.000000;5.539662
2011-09-12;55685.000000;5.464119
2011-09-09;55778.000000;5.388577
2011-09-08;57624.000000;5.539662
2011-09-06;56607.000000;5.459085
2011-09-05;54998.000000;5.438942
2011-09-02;56532.000000;5.459085
2011-09-01;58118.000000;5.539662
2011-08-31;56495.000000;5.413764
2011-08-30;55385.000000;5.328151
2011-08-29;54861.000000;5.287857
2011-08-26;53351.000000;5.136779
2011-08-25;52953.000000;5.111602
2011-08-24;53796.000000;5.131744
2011-08-23;53787.000000;5.036058
2011-08-22;52440.000000;4.900080
2011-08-19;52448.000000;5.036058
2011-08-18;53134.000000;5.036058
2011-08-17;55073.000000;5.116636
2011-08-16;54324.000000;5.257643
2011-08-15;54652.000000;5.262678
2011-08-12;53473.000000;5.121672
2011-08-11;53343.000000;5.086415
2011-08-10;51395.000000;4.834618
2011-08-09;51151.000000;4.733896
2011-08-08;48668.000000;4.698639
2011-08-05;52949.000000;5.086415
2011-08-04;52811.000000;4.970589
2011-08-03;56017.000000;5.212323
2011-08-02;57311.000000;5.348292
2011-08-01;58536.000000;5.393621
2011-07-29;58823.000000;5.398657
2011-07-28;58708.000000;5.443977
2011-07-27;58288.000000;5.368435
2011-07-26;59340.000000;5.564841
2011-07-25;59971.000000;5.731034
2011-07-22;60270.000000;5.715927
2011-07-21;60263.000000;5.640383
2011-07-20;59120.000000;5.489306
2011-07-19;59082.000000;5.610170
2011-07-18;58838.000000;5.595063
2011-07-15;59478.000000;5.841826
2011-07-14;59679.000000;5.992910
2011-07-13;60670.000000;5.892190
2011-07-12;59705.000000;5.665562
2011-07-11;60224.000000;5.640383
2011-07-08;61513.000000;5.811611
2011-07-07;62207.000000;6.043267
2011-07-06;62565.000000;6.043267
2011-07-05;63039.000000;5.992910
2011-07-04;63891.000000;6.043267
2011-07-01;63394.000000;6.033195
2011-06-30;62404.000000;6.093631
2011-06-29;62334.000000;6.038231
2011-06-28;62303.000000;6.048302
2011-06-27;61217.000000;5.912333
2011-06-24;61017.000000;5.796504
2011-06-22;61194.000000;5.715927
2011-06-21;61424.000000;5.610170
2011-06-20;61168.000000;5.464119
2011-06-17;61060.000000;5.625277
2011-06-16;60881.000000;5.680669
2011-06-15;61604.000000;5.590027
2011-06-14;62205.000000;5.670598
2011-06-13;62023.000000;5.715927
2011-06-10;62697.000000;5.791468
2011-06-09;63469.000000;5.841826
2011-06-08;63033.000000;5.841826
2011-06-07;63218.000000;5.887156
2011-06-06;63068.000000;5.942547
2011-06-03;64341.000000;6.043267
2011-06-02;64218.000000;6.093631
2011-06-01;63411.000000;5.987876
2011-05-31;64620.000000;6.194353
2011-05-30;63954.000000;5.957654
2011-05-27;64295.000000;5.937510
2011-05-26;64099.000000;5.856932
2011-05-25;63388.000000;5.761246
2011-05-24;63337.000000;5.695784
2011-05-23;62345.000000;5.605135
2011-05-20;62597.000000;5.655491
2011-05-19;62367.000000;5.569877
2011-05-18;62841.000000;5.685713
2011-05-17;63673.000000;5.731034
2011-05-16;62830.000000;FALSO
2011-05-13;63235.000000;5.640383
2011-05-12;64003.000000;5.741106
2011-05-11;63776.000000;5.766283
2011-05-10;64877.000000;FALSO
2011-05-09;64622.000000;5.912333
2011-05-06;64417.000000;5.791468
2011-05-05;63407.000000;5.665562
2011-05-04;63616.000000;5.761246
2011-05-03;64318.000000;5.766283
2011-05-02;65463.000000;5.841826
2011-04-29;66133.000000;5.781400
2011-04-28;65673.000000;5.590027
2011-04-27;66264.000000;5.509450
2011-04-26;67144.000000;5.590027
2011-04-25;66972.000000;5.615205
2011-04-20;67058.000000;5.685713
2011-04-19;66158.000000;5.554770
2011-04-18;65415.000000;5.640383
2011-04-15;66684.000000;5.640383
2011-04-14;66279.000000;5.731034
2011-04-13;66486.000000;5.554770
2011-04-12;66896.000000;5.590027
2011-04-11;68164.000000;5.710891
2011-04-08;68718.000000;5.715927
2011-04-07;69176.000000;5.786433
2011-04-06;69037.000000;5.715927
2011-04-05;69838.000000;FALSO
2011-04-04;69704.000000;5.841826
2011-04-01;69268.000000;5.841826
2011-03-31;68587.000000;5.640383
2011-03-30;67997.000000;5.524556
2011-03-29;67419.000000;5.433907
2011-03-28;67193.000000;5.388577
2011-03-25;67766.000000;5.488761
2011-03-24;67533.000000;5.433978
2011-03-23;67796.000000;5.428997
2011-03-22;67578.000000;5.503702
2011-03-21;66690.000000;5.528611
2011-03-18;66880.000000;5.478801
2011-03-17;66216.000000;5.478801
2011-03-16;66003.000000;5.389146
2011-03-15;67005.000000;5.404088
2011-03-14;67169.000000;5.404088
2011-03-11;66685.000000;5.244710
2011-03-10;66041.000000;4.980729
2011-03-09;67264.000000;FALSO
2011-03-04;68012.000000;5.184938
2011-03-03;68146.000000;5.179958
2011-03-02;67282.000000;5.150076
2011-03-01;66243.000000;5.224780
2011-02-28;67383.000000;5.299492
2011-02-25;66903.000000;5.199879
2011-02-24;66949.000000;FALSO
2011-02-23;66910.000000;5.160036
2011-02-22;66440.000000;5.229760
2011-02-21;67259.000000;5.204859
2011-02-18;68067.000000;5.369225
2011-02-17;67685.000000;5.478801
2011-02-16;67571.000000;5.428997
2011-02-15;66341.000000;5.319414
2011-02-14;66558.000000;5.204859
2011-02-11;65756.000000;5.075362
2011-02-10;64578.000000;4.930917
2011-02-09;64218.000000;4.950848
2011-02-08;65771.000000;4.841264
2011-02-07;65362.000000;4.930917
2011-02-04;65269.000000;4.980729
2011-02-03;66765.000000;4.935898
2011-02-02;66688.000000;5.214819
2011-02-01;67847.000000;5.249691
2011-01-31;66575.000000;5.329374
2011-01-28;66698.000000;5.523623
2011-01-27;68051.000000;5.727840
2011-01-26;68709.000000;5.927068
2011-01-24;69427.000000;6.051583
2011-01-21;69133.000000;5.976872
2011-01-20;69562.000000;6.121318
2011-01-19;70058.000000;6.151198
2011-01-18;70920.000000;6.325525
2011-01-17;70609.000000;6.051583
2011-01-14;70940.000000;6.051583
2011-01-13;70721.000000;6.036644
2011-01-12;71633.000000;5.702930
2011-01-11;70423.000000;5.528611
2011-01-10;70127.000000;5.468839
2011-01-07;70057.000000;5.448919
2011-01-06;70579.000000;5.433978
2011-01-05;71091.000000;5.428997
2011-01-04;70318.000000;5.379186
2011-01-03;69962.000000;5.364245
2010-12-30;69305.000000;5.374206
2010-12-29;68952.000000;5.304474
2010-12-28;68041.000000;5.304474
2010-12-27;67803.000000;5.279572
2010-12-23;68486.000000;5.304474
2010-12-22;68471.000000;5.130146
2010-12-21;68215.000000;5.155056
2010-12-20;67264.000000;5.115205
2010-12-17;67981.000000;5.239730
2010-12-16;67306.000000;5.229760
2010-12-15;67870.000000;5.204859
2010-12-14;68743.000000;5.204859
2010-12-13;69126.000000;5.179958
2010-12-10;68342.000000;5.130146
2010-12-09;67879.000000;5.090304
2010-12-08;68175.000000;5.155056
2010-12-07;69338.000000;5.065402
2010-12-06;69552.000000;5.075362
2010-12-03;69766.000000;5.105244
2010-12-02;69527.000000;5.075362
2010-12-01;69346.000000;5.030531
2010-11-30;67705.000000;4.906017
2010-11-29;67908.000000;5.085324
2010-11-26;68226.000000;5.125165
2010-11-25;69362.000000;5.179958
2010-11-24;69629.000000;5.204859
2010-11-23;67953.000000;5.130146
2010-11-22;69633.000000;5.204859
2010-11-19;70898.000000;5.179958
2010-11-18;70781.000000;5.199879
2010-11-17;69709.000000;5.080343
2010-11-16;69192.000000;5.135127
2010-11-12;70367.000000;5.080343
2010-11-11;71195.000000;5.005630
2010-11-10;71638.000000;5.179958
2010-11-09;71679.000000;5.309454
2010-11-08;72657.000000;5.354285
2010-11-05;72607.000000;5.319414
2010-11-04;72996.000000;5.304474
2010-11-03;71905.000000;5.279572
2010-11-01;71561.000000;5.229760
2010-10-29;70673.000000;5.229760
2010-10-28;70320.000000;5.120185
2010-10-27;70569.000000;5.080343
2010-10-26;70740.000000;5.075362
2010-10-25;69580.000000;5.125165
2010-10-22;69530.000000;5.080343
2010-10-21;69652.000000;5.075362
2010-10-20;70405.000000;5.090304
2010-10-19;69864.000000;4.955827
2010-10-18;71736.000000;5.100264
2010-10-15;71830.000000;5.020571
2010-10-14;71692.000000;5.055442
2010-10-13;71675.000000;5.030531
2010-10-11;70946.000000;5.020571
2010-10-08;70809.000000;4.975749
2010-10-07;69918.000000;4.955827
2010-10-06;70541.000000;4.955827
2010-10-05;71283.000000;4.856213
2010-10-04;70385.000000;4.731690
2010-10-01;70229.000000;4.731690
2010-09-30;69430.000000;4.731690
2010-09-29;69228.000000;4.726709
2010-09-28;69228.000000;4.726709
2010-09-27;68816.000000;4.716748
2010-09-24;68196.000000;4.731690
2010-09-23;68794.000000;4.761579
2010-09-22;68325.000000;4.756598
2010-09-21;67719.000000;4.716748
2010-09-20;68190.000000;4.696827
2010-09-17;67089.000000;4.582272
2010-09-16;67663.000000;4.497598
2010-09-15;68107.000000;4.467717
2010-09-14;67692.000000;4.452768
2010-09-13;68031.000000;4.422886
2010-09-10;66807.000000;4.378063
2010-09-09;66624.000000;4.358134
2010-09-08;66407.000000;4.238598
2010-09-06;66747.000000;4.183815
2010-09-03;66679.000000;4.223659
2010-09-02;66808.000000;4.283431
2010-09-01;67073.000000;4.173846
2010-08-31;65145.000000;4.233618
2010-08-30;64261.000000;4.258519
2010-08-27;65585.000000;4.238598
2010-08-26;63867.000000;4.193777
2010-08-25;64803.000000;4.143964
2010-08-24;65156.000000;4.213697
2010-08-23;65982.000000;4.198757
2010-08-20;66677.000000;4.218678
2010-08-19;66887.000000;4.208716
2010-08-18;67638.000000;4.168866
2010-08-17;67584.000000;4.158906
2010-08-16;66702.000000;4.059290
2010-08-13;66264.000000;3.949716
2010-08-12;65966.000000;3.934776
2010-08-11;65790.000000;3.934776
2010-08-10;67223.000000;3.865042
2010-08-09;67862.000000;3.914854
2010-08-06;68095.000000;3.924815
2010-08-05;68412.000000;3.929795
2010-08-04;68272.000000;3.979599
2010-08-03;67997.000000;3.904894
2010-08-02;68517.000000;3.954695
2010-07-30;67515.000000;3.954695
2010-07-29;66954.000000;3.875004
2010-07-28;66808.000000;3.835161
2010-07-27;66674.000000;3.780370
2010-07-26;66443.000000;3.745507
2010-07-23;66323.000000;3.685736
2010-07-22;65748.000000;3.685736
2010-07-21;64477.000000;3.635932
2010-07-20;64463.000000;3.685736
2010-07-19;63297.000000;3.586121
2010-07-16;62339.000000;3.586121
2010-07-15;63489.000000;3.660834
2010-07-14;63479.000000;3.581141
2010-07-13;63686.000000;3.556240
2010-07-12;62960.000000;3.625972
2010-07-08;63476.000000;3.780370
2010-07-07;63284.000000;3.835161
2010-07-06;62065.000000;3.825200
2010-07-05;60865.000000;3.855082
2010-07-02;61430.000000;3.825200
2010-07-01;61236.000000;3.785350
2010-06-30;60936.000000;3.860062
2010-06-29;61978.000000;3.855082
2010-06-28;64225.000000;3.879984
2010-06-25;64824.000000;FALSO
2010-06-24;63937.000000;FALSO
2010-06-23;65160.000000;FALSO
2010-06-22;64811.000000;FALSO
2010-06-21;64829.000000;FALSO
2010-06-18;64438.000000;3.735547
2010-06-17;64541.000000;FALSO
2010-06-16;64751.000000;3.635932
2010-06-15;64442.000000;3.586121
2010-06-14;63533.000000;3.486506
2010-06-11;63605.000000;3.431725
2010-06-10;63049.000000;3.486506
2010-06-09;61479.000000;3.486506
2010-06-08;61856.000000;3.486506
2010-06-07;61183.000000;3.501448
2010-06-04;61676.000000;3.337089
2010-06-02;62943.000000;3.287279
2010-06-01;61841.000000;3.162763
2010-05-31;63047.000000;3.237476
2010-05-28;61947.000000;3.187665
2010-05-27;62092.000000;3.073109
2010-05-26;60190.000000;3.013337
2010-05-25;59184.000000;3.038247
2010-05-24;59915.000000;3.078089
2010-05-21;60259.000000;3.038110
2010-05-20;58192.000000;2.964605
2010-05-19;59689.000000;3.038110
2010-05-18;60841.000000;3.087115
2010-05-17;62866.000000;3.087115
2010-05-14;63412.000000;2.915607
2010-05-13;64788.000000;2.989112
2010-05-12;65224.000000;2.900909
2010-05-11;64425.000000;2.989112
2010-05-10;65453.000000;2.989112
2010-05-07;62871.000000;2.989112
2010-05-06;63414.000000;2.984212
2010-05-05;64914.000000;2.989112
2010-05-04;64869.000000;3.013611
2010-05-03;67119.000000;2.945006
2010-04-30;67530.000000;3.023410
2010-04-29;67978.000000;3.062609
2010-04-28;66656.000000;2.994012
2010-04-27;66511.000000;3.013611
2010-04-26;68872.000000;3.047909
2010-04-23;69509.000000;3.096915
2010-04-22;69386.000000;3.087115
2010-04-20;69318.000000;3.038110
2010-04-19;69098.000000;3.087115
2010-04-16;69421.000000;3.038110
2010-04-15;70524.000000;3.033210
2010-04-14;71035.000000;3.047909
2010-04-13;70792.000000;3.087115
2010-04-12;70614.000000;3.013611
2010-04-09;71417.000000;3.043009
2010-04-08;71785.000000;2.954805
2010-04-07;70793.000000;3.013611
2010-04-06;71096.000000;3.052809
2010-04-05;71290.000000;3.062609
2010-04-01;71136.000000;3.155712
2010-03-31;70372.000000;3.106714
2010-03-30;69960.000000;3.111614
2010-03-29;69939.000000;3.106714
2010-03-26;68683.000000;3.028310
2010-03-25;68442.000000;3.043009
2010-03-24;68913.000000;3.062609
2010-03-23;69387.000000;3.008711
2010-03-22;69042.000000;2.994012
2010-03-19;68829.000000;3.013611
2010-03-18;69697.000000;3.092015
2010-03-17;69723.000000;3.101815
2010-03-16;69942.000000;3.160612
2010-03-15;69024.000000;3.180219
2010-03-12;69341.000000;3.087115
2010-03-11;69885.000000;3.141013
2010-03-10;69979.000000;3.136112
2010-03-09;69576.000000;3.116513
2010-03-08;68575.000000;3.160612
2010-03-05;68847.000000;3.185118
2010-03-04;67815.000000;3.209618
2010-03-03;67641.000000;3.185118
2010-03-02;67779.000000;3.180219
2010-03-01;67228.000000;3.243915
2010-02-26;66503.000000;3.175319
2010-02-25;66121.000000;3.121414
2010-02-24;65795.000000;3.186342
2010-02-23;66108.000000;3.209618
2010-02-22;67184.000000;3.209618
2010-02-19;67597.000000;3.209618
2010-02-18;67836.000000;3.160612
2010-02-17;67285.000000;3.116513
2010-02-12;65855.000000;3.111614
2010-02-11;66129.000000;3.111614
2010-02-10;65051.000000;3.087115
2010-02-09;64718.000000;3.038110
2010-02-08;63153.000000;3.013366
2010-02-05;62763.000000;2.915607
2010-02-04;63934.000000;2.940107
2010-02-03;67109.000000;2.989112
2010-02-02;67163.000000;2.998912
2010-02-01;66572.000000;2.976614
2010-01-29;65402.000000;2.979313
2010-01-28;65588.000000;2.976858
2010-01-27;65070.000000;2.976370
2010-01-26;65524.000000;2.971959
